TeamName,ObservationDate,RivalTeam,Attack,Midfield,Defence,TransferBudget,Speed,Dribbling,BuildupPassing,Positioning,Passing,Crossing,Shooting,Pressure,Aggression,Team Width,Defender Line,Captain,Short Free Kick,Long Free Kick,Penalties,Left Corner,Right Corner,TeamRoster,LoanedPlayers
Bournemouth,"July 10, 2015",Southampton,69,69,68,3000000,47,36,47,Organised,49,45,47,48,50,62,Cover,Elphick,Kermorgant,Ritchie,Kermorgant,Pugh,Ritchie,"['Artur Boruc', 'Simon Francis', 'Tommy Elphick', 'Steve Cook', 'Charlie Daniels', 'Matt Ritchie', 'Andrew Surman', 'Harry Arter', 'Marc Pugh', 'Callum Wilson', 'Yann Kermorgant', 'Dan Gosling', 'Ryan Fraser', 'Adam Smith', 'Elliott Ward', 'Ryan Allsop', 'Kenwyne Jones', 'Brett Pitman', 'Lee Camp', 'Junior Stanislas', 'Tokelo Rantie', ""Eunan O'Kane"", 'Josh McQuoid', 'Shaun MacDonald', 'Ian Harte', 'Darryl Flahavan', 'Jayden Stockley', 'Samuel Matthews', 'Benjamin Büchel', 'Baily Cargill']",[]
Brighton & Hove Albion,"July 10, 2015",Crystal Palace,66,66,67,4500000,47,39,50,Organised,42,45,53,52,33,46,Cover,Greer,Stephens,Stephens,O'Grady,Stephens,Stephens,"['Christian Walton', 'Greg Halford', 'Gordon Greer', 'Lewis Dunk', 'Bruno Saltor', 'Rohan Ince', 'Iñigo Calderón', 'Dale Stephens', 'Beram Kayal', 'Kazenga LuaLua', ""Chris O'Grady"", 'Danny Holla', 'Teixeira', 'Jake Forster-Caskey', 'Aaron Hughes', 'David Stockdale', 'Leon Best', 'Craig Mackail-Smith', 'Andrew Crofts', 'Sam Baldock', 'Mustapha Carayol', 'Kemy Agustien', 'Solly March', 'Casper Ankergren', 'Shamir Fenelon', 'Glen Rea', 'Charlie Harris', 'Jordan Maguire-Drew', 'Desmond Hutchinson', 'Robert Hunt']",[]
Sheffield Wednesday,"July 10, 2015",Sheffield United,65,67,66,2700000,55,37,64,Organised,69,65,57,49,54,38,Cover,José Semedo,Maguire,Maguire,Maguire,Maguire,Maguire,"['Keiren Westwood', 'Marnick Vermijl', 'Tom Lees', 'Lewis Buxton', 'Jérémy Hélan', 'Filipe Melo', 'José Semedo', 'Kieran Lee', 'Chris Maguire', 'Will Keane', 'Caolan Lavery', 'Stevie May', 'Jacques Maghoma', 'Lloyd Isgrove', 'Will De Havilland', 'Chris Kirkland', 'Sergiu Buş', 'Atdhe Nuhiu', 'Joe Wildsmith', 'Lewis McGugan', 'Liam Palmer', 'Glenn Loovens', 'Sam Hutchinson', 'Claude Dielna', 'Kamil Zayatte', 'Joe Mattock', 'Rhys McCabe', 'Dejan Kelhar', 'Rafael Floro', 'Cameron Dawson']",[]
US Créteil-Lusitanos,"July 10, 2015",Paris Saint-Germain,64,60,62,450000,58,52,42,Organised,49,55,66,46,34,52,Cover,Ndoye,Ndoye,Ndoye,Essombé,Ndoye,Ludovic Ribeiro,"['Yann Kerboriou', 'Boris Mahon de Monaghan', 'Bamba Diarrassouba', 'Vincent Di Bartoloméo', 'Hérita Ilunga', 'Cheikh Ndoye', 'Ibrahima Seck', 'Bagaliy Dabo', 'Ludovic Ribeiro', 'Ima Faneva Andriatsima', 'Marcel Essombé', 'Jean-Michel Lesage', 'Frédéric Piquionne', 'Yoann Tribeau', 'Sidi Fofana', 'Cyrille Merville', 'Rafaël Dias', 'Mathieu Lafon', 'Aurélien Montaroup', 'Ludovic Genest', 'Marvin Esor', 'Christophe Diedhiou', 'Augusto', 'Ben Sangaré', 'Baba Sylla', 'Modibo Haidara', 'Rafik Gérard', 'Rachid Bachiri']",[]
RB Leipzig,"July 10, 2015",FC Erzgebirge Aue,67,66,66,10000000,68,32,66,Free Form,68,49,52,68,66,53,Cover,Kaiser,Kaiser,Jung,Kaiser,Kaiser,Jung,"['Fabio Coltorti', 'Georg Teigl', 'Tim Sebastian', 'Marvin Compper', 'Anthony Jung', 'Dominik Kaiser', 'Rani Khedira', 'Joshua Kimmich', 'Emil Forsberg', 'Omer Damari', 'Yussuf Poulsen', 'Diego Demme', 'Stefan Hierländer', 'Lukas Klostermann', 'Sebastian Heidinger', 'Benjamin Bellot', 'Yordy Reyna', 'Daniel Frahn', 'Thomas Dähne', 'Terrence Boyd', 'Rodnei', 'Ante Rebić', 'Niklas Hoheneder', 'Zsolt Kalmár', 'Henrik Ernst', 'Fabian Franke', 'John-Patrick Strauß', 'Erik Domaschke']",[]
US Orléans Loiret Football,"July 10, 2015",Tours FC,60,62,58,400000,53,62,56,Organised,56,39,44,42,46,47,Cover,Brillault,Glombard,Ligoule,Glombard,Glombard,Glombard,"['Thomas Renault', 'Gauthier Pinaud', 'Maxime Brillault', 'Kévin Afougou', 'Grégory Tomas', 'Mathieu Ligoule', 'Julien Delonglée', 'Luigi Glombard', 'Jean-Paul Mendy', 'Robert Maah', 'Bachibou Koita', 'Samir Benmeziane', 'Tafsir Chérif', 'Fabrice Seidou', 'Guillaume Loriot', 'Arnaud Balijon', 'Loïc Puyo', 'Antoine Ponroy', 'Loïc Loval-Landré', 'Bruce Abdoulaye', 'Loris Arnaud', 'Ousmane Sidibé', 'Wilfried Louisy-Daniel', 'Benoit Darcy', 'Benjaloud Youssouf', 'Pierre-Ange Omombe', 'Sébastien Mpeck-Makendi', 'Rémi Elissalde']",[]
AS Nancy Lorraine,"July 10, 2015",FC Metz,63,63,64,2000000,49,48,49,Organised,52,53,67,43,46,50,Cover,Hadji,Walter,Walter,Hadji,Walter,Walter,"['Guy-Roland Ndy Assembe', 'Joffrey Cuffaut', 'Joël Sami', 'Clément Lenglet', 'Julien Cétout', 'Romain Grange', 'Rémi Walter', 'Jonathan Damián Iglesias', 'Vincent Muratori', 'Youssouf Hadji', 'Karim Coulibaly', 'Mana Dembélé', 'Maurice Dalé', 'Lossémy Karaboué', 'Modou Diagne', 'Paul Nardi', 'Alexis Busin', 'Fabrice Ehret', 'Ibrahim Amadou', 'Arnaud Lusamba', 'Jean-Landry Bassilekin', 'Quentin Beunardeau', 'Florent Zitte', 'Romain Bauchet', 'Tobias Badila', 'Junior Joachim', 'Yann Mabella', 'Cyril Dreyer']",[]
Borgocalcio,"July 10, 2015",Hellas Verona,65,61,65,200000,56,44,54,Organised,56,60,57,41,48,54,Cover,Cinelli,Moretti,Moretti,Cocco,Moretti,Moretti,"['Mauro Vigorito', 'Mario Sampirisi', 'Nicolò Brighenti', 'Thomas Manfredini', ""Salvatore D'Elia"", 'Federico Moretti', 'Giovanni Sbrissa', 'Antonio Cinelli', 'Lorenzo Laverone', 'Andrea Cocco', 'Stefano Giacomelli', 'Antonino Ragusa', 'Alessio VitaL', 'Alessandro Camisa', 'Matteo Gentili', 'Nicolas Bremec', 'Fabio Sciacca', 'Pol Garcia', 'Mattia Filippi', 'Andrea Petagna', 'Davide Di Gennaro', 'Moro Alhassan', 'Federico Serraiocco', 'Andrea Mancini', 'Damir Bartulovič', 'Paolo Truant', 'Leonardo Spinazzola', 'Jesse Edge']",[]
CD Tenerife,"July 10, 2015",Unión Deportiva Las Palmas,66,66,65,400000,56,50,57,Organised,56,51,54,52,50,69,Cover,Suso Santana,Ifrán,Carlos Ruiz,Suso Santana,Aitor Sanz,Aitor Sanz,"['Dani Hernández', 'Javi Moyano', 'Carlos Ruiz', 'Albizua', 'Raúl Cámara', 'Vitolo', 'Aitor Sanz', 'Suso Santana', 'Juan Carlos', 'Aridane', 'Diego Ifrán', 'Cristo Martín', 'Cristo Díaz', 'Hugo Álvarez', 'Igor Arnáez', 'Carlos Abad', 'Maximiliano Pérez', 'Abdón', 'Víctor García', 'Jorge', 'Iker Guarrotxena', 'Ricardo', 'Quique Rivero', 'Santi Jiménez', 'Omar Perdomo', 'Younousse Diop', 'Cristo González', 'Roberto']",[]
Bolton Wanderers,"July 10, 2015",Blackburn Rovers,69,68,66,6000000,57,34,61,Organised,72,60,38,39,48,58,Cover,Mills,Bannan,Bannan,Gudjohnsen,Bannan,Bannan,"['Ádám Bogdán', 'Josh Vela', 'Matthew Mills', 'Tim Ream', 'Dean Moxey', 'Neil Danns', 'Barry Bannan', 'Mark Davies', 'Eidur Gudjohnsen', 'Emile Heskey', 'Adam Le Fondre', 'Liam Feeney', 'Filip Twardzik', 'Rochinha', 'Saidy Janko', 'Andy Lonergan', 'Giles Coke', 'Tom Walker', 'David Wheater', 'Simeon Slavchev', 'Darren Pratley', 'Kevin McNaughton', 'Patrick McCarthy', 'Craig Davies', 'Liam Trotter', 'Dorian Dervite', 'Zach Clough', 'Max Clayton', 'Oscar Threlkeld', 'Quade Taylor']",[]
Cardiff City,"July 10, 2015",Swansea City,68,68,70,6500000,60,41,67,Organised,52,56,46,33,41,39,Cover,Marshall,Whittingham,Whittingham,Doyle,Whittingham,Whittingham,"['David Marshall', 'Lee Peltier', 'Sean Morrison', 'Ben Turner', 'Fábio', 'Craig Noone', 'Aron Gunnarsson', 'Peter Whittingham', 'Joe Ralls', 'Joe Mason', 'Eoin Doyle', 'Anthony Pilkington', 'Tom Adeyemi', 'Matthew Kennedy', 'Bruno Ecuélé Manga', 'Simon Moore', 'Alex Revell', ""Stuart O'Keefe"", 'Kadeem Harris', 'Nicky Maynard', 'Federico Macheda', 'Kagisho Dikgacoi', 'Scott Malone', 'Conor McAleny', 'Semi Ajayi', 'Maximiliano Amondarain', 'Thomas James', 'Ben Wilson', 'Jazzi Barnum-Bobb', 'Danny Gabbidon']",[]
Ipswich Town,"July 10, 2015",Norwich City,69,65,68,3500000,67,40,70,Organised,64,57,45,42,55,49,Cover,Chambers,Bishop,Bishop,Murphy,Bru,Bru,"['Bartosz Białkowski', 'Luke Chambers', 'Tommy Smith', 'Christophe Berra', 'Tyrone Mings', 'Cole Skuse', 'Paul Anderson', 'Teddy Bishop', 'Kévin Bru', 'Daryl Murphy', 'Freddie Sears', 'Jay Tabb', 'Stephen Hunt', 'Jonathan Parr', 'Matt Clarke', 'Dean Gerken', 'David McGoldrick', 'Noel Hunt', 'Luke Varney', 'Richard Chaplow', 'Luke Hyam', 'Anthony Wordsworth', 'Paddy Kenny', 'Darren Ambrose', 'Elliott Hewitt', 'Darren McQueen', 'Alex Henshall', 'Dylan Connolly', 'Kundai Benyu', 'Ben Wyatt']",[]
Angers SCO,"July 10, 2015",Stade Lavallois Mayenne FC,65,64,65,1400000,48,61,50,Organised,40,52,48,44,44,51,Cover,Diers,Mangani,Mangani,Camara,Mangani,Mangani,"['Ludovic Butelle', 'Gaël Angoula', 'Jean-Jacques Pierre', 'Romain Thomas', 'Vincent Manceau', 'Charles Diers', ""Guy N'Gosso"", 'Thomas Mangani', 'Axel Ngando', 'Sacha Clémence', 'Abdoul Razzagui Camara', 'Khaled Ayari', 'Ismaël Keita', 'Diego Gómez', 'Loïc Guillon', 'Alexandre Letellier', 'Olivier Auriac', 'Yohann Eudeline', 'Jonathan Kodjia', 'Arnold Bouka Moutou', 'Rayan Frikèche', 'Anthar Yahia', 'Jonas-Henrique Pessalli', 'Mohamed Slim Ben Othman', 'Kalifa Traoré', 'Ibrahima Diallo', 'Alexandre Marfaing', 'Nicolas Pépé']",[]
Chiavari,"July 10, 2015",La Spezia,66,61,61,800000,63,49,63,Organised,38,41,40,32,47,39,Cover,Volpe,Cutolo,Cutolo,Sforzini,Cutolo,Cutolo,"['Andrea Paroni', 'Simone Iacoponi', 'César', 'Alessandro Ligi', 'Luca Cecchini', 'Gennaro Volpe', 'Francesco Di Tacchio', 'Stefano Botta', 'Aniello Cutolo', 'Ferdinando Sforzini', 'Andrea Mazzarani', 'Cristian Battocchio', 'Michele Russo', 'Francesco Belli', 'Stefano Lanini', 'Maarten van der Want', 'Mickaël Latour', 'Mateusz Lewandowski', 'Lorenzo Staiti', 'Gaetano Masucci', 'Antonio Rozzi', 'Michele Troiano', 'Achille Coser', 'Eric Lanini', 'Fabio Gerli', 'Ivano Baldanzeddu', 'Francesco Zottino', 'Ivan Pelizzoli']",[]
Charlton Athletic,"July 10, 2015",Millwall,68,69,64,1700000,48,31,63,Organised,63,44,57,40,44,58,Cover,Solly,Bulot,Buyens,Buyens,Bulot,Bulot,"['Stephen Henderson', 'Chris Solly', 'Tal Ben Haim', 'Roger Johnson', 'Morgan Fox', 'Alou Diarra', 'Yoni Buyens', 'Jóhann Berg Gudmundsson', 'Frédéric Bulot', 'Igor Vetokele', 'Tony Watt', 'Johnnie Jackson', 'André Bikey', 'Rhoys Wiggins', 'Joseph Gomez', 'Neil Etheridge', 'Simon Church', 'Chris Eagles', 'Christophe Lepoint', 'Harry Lennon', 'Oguchi Onyewu', 'Franck Moussa', 'Jordan Cousins', 'Jack Munns', 'Callum Harriott', 'Milos Veljkovic', 'Marko Dmitrović', 'Terell Thomas', 'Karlan Ahearne-Grant', 'Dillon Phillips']",[]
Real Zaragoza,"July 10, 2015",Club Atlético Osasuna,70,67,67,1700000,52,52,50,Organised,52,56,57,48,43,49,Cover,Fernández,Pedro Sánchez,Pedro Sánchez,Borja Bastón,Pedro Sánchez,Pedro Sánchez,"['Yassine Bounou', 'Fernández', 'Vallejo', 'Leandro Cabrera', 'Diego Rico', 'Dorca', 'Natxo Insa', 'Eldin Hadžić', 'Pedro Sánchez', 'Ruiz de Galarreta', 'Borja Bastón', 'Lolo', 'Jaime Romero', 'Mario', 'Rubén', 'Óscar Whalley', 'Willian José', 'Javi Álamo', 'Tato', 'Vullnet Basha', 'Meseguer', 'Sergio Gil', 'Álvaro Tierno', 'Tarsi', 'Carlos Javier', 'Carlos Nieto', 'Diego Suárez', 'Alcolea']",[]
AJ Auxerre,"July 10, 2015",Dijon FCO,64,64,65,1500000,64,55,49,Organised,51,63,50,34,45,40,Cover,Puygrenier,Sammaritano, Idir,Sammaritano, Idir, Idir,"['Donovan Léon', 'Ruben Aguilar', 'Sébastien Puygrenier', 'Thomas Fontaine', 'Karim Djellabi', 'Rémi Mulumba', 'Jamel Aït Ben Idir', 'Grégory Berthier', 'Amara Baby', 'Frédéric Sammaritano', 'Cheick Diarra', 'Julien Viale', 'Alexandre Vincent', 'Pierre Bouby', 'Henri Junior Ndong', 'Geoffrey Lembet', 'Livio Nabab', 'Nicolas Gavory', 'Vincent Gragnic', 'Grégoire Lefebvre', 'Yannis Mbombo', 'François-Xavier Fumu Tamuzo', 'Jean-Charles Castelletto', 'Valentin Jacob', 'Samed Kilic', 'Nicolas Staerck-Weille', 'Sonhy Sefil', 'Kenji-Van Boto']",[]
Middlesbrough,"July 10, 2015",Newcastle United,68,69,69,3500000,60,32,46,Organised,43,55,37,38,42,42,Cover,Leadbitter,Leadbitter,Leadbitter,Leadbitter,Leadbitter,Leadbitter,"['Dimitrios Konstantopoulos', 'Dean Whitehead', 'Daniel Ayala', 'Ben Gibson', 'George Friend', 'Adam Clayton', 'Grant Leadbitter', 'Albert Adomah', 'Lee Tomlin', 'Jelle Vossen', 'Patrick Bamford', 'Nsue', 'Adam Reach', 'Fernando Amorebieta', 'Kenneth Omeruo', 'Connor Ripley', 'Kike', 'Adam Forshaw', 'Jonathan Woodgate', 'Damià', 'Rhys Williams', 'Emmanuel Ledesma', 'Yanic Wildschut', 'Mejías', 'Luke Williams', 'Ryan Fredericks', 'Bryn Morris', 'Andre Bennett', 'Bradley Fewster', 'Ryan Brobbel']",[]
Fulham,"July 10, 2015",Chelsea,72,68,68,11000000,52,34,48,Organised,39,54,59,29,30,39,Cover,Parker,McCormack,McCormack,McCormack,McCormack,McCormack,"['Marcus Bettinelli', 'Tim Hoogland', 'Shaun Hutchinson', 'Michael Turner', 'Konstantinos Stafylidis', 'Scott Parker', 'Ryan Tunnicliffe', 'Sean Kavanagh', 'Bryan Ruíz', 'Ross McCormack', 'Hugo Rodallega', 'Alexander Kačaniklić', 'Danny Guthrie', 'Seko Fofana', 'Nikolay Bodurov', 'Gábor Király', 'Matt Smith', 'Cauley Woodrow', 'Patrick Roberts', 'Moussa Dembélé', 'Dan Burn', 'Adil Chihi', 'Kay Voser', 'Adam Taggart', 'Lasse Vigen Christensen', 'Emerson Hyndman', 'Jack Grimmer', 'George Williams', 'James Husband', 'Ryan Williams']",['Maarten Stekelenburg']
Unión Deportiva Las Palmas,"July 10, 2015",CD Tenerife,73,70,67,600000,48,55,44,Organised,53,42,53,53,39,57,Cover,Valerón,Nauzet Alemán,Momo,Momo,Nauzet Alemán,Nauzet Alemán,"['Casto', 'Ángel', 'David García', 'Aythami', 'Dani Castellano', 'Roque', 'Hernán', 'Nauzet Alemán', 'Momo', 'Valerón', 'Sergio Araujo', 'Emmanuel Culio', 'Javi Castellano', 'Marcelo Silva', 'David Simón', 'Raúl Lizoain', 'Ortuño', 'Jonathan Viera', 'Vicente Gómez', 'Guzmán', 'Cristian Fernandez', 'Asdrúbal', 'Figueroa', 'Tana', 'José Artiles', 'Leo', 'Jesús', 'Dani Lorenzo']",[]
VfR Aalen,"July 10, 2015",1. FC Heidenheim,65,63,65,300000,56,46,41,Free Form,37,52,53,43,49,49,Cover,Barth,Gjasula,Gjasula,Gjasula,Gjasula,Gjasula,"['Daniel Bernhardt', 'Phil Ofosu-Ayeh', 'Oliver Barth', 'Leandro Grech', 'Arne Feick', 'Andreas Hofmann', 'Jürgen Gjasula', 'Markus Steinhöfer', 'Dominick Drexler', 'Andreas Ludwig', 'Collin Quaner', 'Michael Klauß', 'Gianluca Korte', 'André Hainault', 'Lucão', 'Jasmin Fejzić', 'Orhan Ademi', 'Maximilian Oesterhelweg', 'Fabio Kaufmann', 'Robert Lechleiter', 'Sascha Mockenhaupt', 'Maximilian Welzmüller', 'Sebastian Neumann', 'Nejmeddin Daghfous', 'Oliver Schnitzler', 'Dennis Chessa', 'Thomas Steinherr', 'Robert Schick']",[]
FSV Frankfurt 1899,"July 10, 2015",Eintracht Frankfurt,67,65,66,700000,54,44,33,Organised,39,47,53,45,45,64,Cover,Konrad,Grifo,Grifo,Grifo,Grifo,Grifo,"['Patric Klandt', 'Alexander Huber', 'Tom Beugelsdijk', 'Hanno Balitsch', 'Alexander Bittroff', 'Manuel Konrad', 'Marc-André Kruska', 'Odise Roshi', 'Mario Engels', 'Vincenzo Grifo', 'Edmond Kapllani', 'Joni Kauko', 'Joan Oumari', 'Denis Epstein', 'Florian Ballas', 'Sören Pirson', 'Mohamed Amine Aoudia', 'Zlatko Dedič', 'Faton Toski', 'Zafer Yelen', 'Timm Golley', 'Marcel Kaffenberger', 'Patrick Schorr', 'Jannis Pellowski', 'Markus Ballmert', 'Florijon Belegu', 'Fabian Burdenski', 'Ahmed Azaouagh']",[]
Girona Fútbol Club,"July 10, 2015",CE Sabadell FC,66,65,65,700000,53,47,47,Organised,41,50,44,52,52,50,Cover,Richy,Felipe Sanchón,Granell,Felipe Sanchón,Pere Pons,Pere Pons,"['Isaac Becerra', 'Cifuentes', 'Ramalho', 'Richy', 'Florian Lejeune', 'David Juncà', 'Pere Pons', 'Eloi Amagat', 'Granell', 'Felipe Sanchón', 'Fran Sandaza', 'Marc Rovirola', 'Carles Mas', 'Sebas Coris', 'Aday Benítez', 'Jorge Palatsi', 'Mata', 'Jandro', 'Gerard Bordas', 'David García', 'Christian Alfonso', 'Juanlu Hens', 'Cristian Gómez', 'Pablo Iñiguez', 'Montoro', 'Serramitja', 'Adrià', 'Andrés Díez']",[]
Crotone,"July 10, 2015",Bari,63,63,61,1000000,60,67,52,Organised,54,57,52,37,52,55,Cover,Claiton,Ciano,Ciano,Ciano,Ciano,Ciano,"['Alex Cordaz', 'Mihai Balasa', 'Claiton', 'Gian Marco Ferrari', 'Bruno Martella', 'Jacopo Dezi', 'Raffaele Maiello', 'Sergiu Suciu', 'Camillo Ciano', 'Stefano Padovan', 'Adrian Stoian', 'Pietro De Giorgio', 'Michael Rabušic', 'Vítor Saba', 'Aniello Salzano', 'Emanuele Concetti', 'Antonio Galardo', 'Michele Cremonesi', 'Ernesto Torregrossa', 'Kelvin Matute', 'Abel Gigli', 'Federico Ricci', 'Francesco Modesto', 'Andrea Tripicchio', 'Giovanni Foresta', 'Giuseppe Marco Zampano', 'Cristian Riggio', 'Dejan Stojanovic']",[]
1. FC Heidenheim,"July 10, 2015",VfR Aalen,65,63,64,500000,51,53,51,Organised,48,68,61,52,53,53,Cover,Schnatterer,Schnatterer,Schnatterer,Leipertz,Schnatterer,Schnatterer,"['Jan Zimmermann', 'Robert Strauß', 'Tim Göhlert', 'Kevin Kraus', 'Philip Heise', 'Sebastian Griesbeck', 'Mathias Wittek', 'Robert Leipertz', 'Marc Schnatterer', 'Smail Morabit', 'Florian Niederlechner', 'Marcel Titsch-Rivero', 'Manuel Janzer', 'Alper Bagceci', 'Maurizio Scioscia', 'Rouven Sattelmaier', 'Adriano Grimaldi', 'Andreas Voglsammer', 'Dennis Malura', 'Timo Beermann', 'Michael Vitzthum', 'Philipp Riese', 'Julius Reinhardt', 'Felix-Adrian Körber', 'Patrick Mayer', 'Felix Kielkopf']",[]
Catania,"July 10, 2015",Palermo,70,68,65,5000000,70,52,48,Organised,53,52,36,31,64,52,Cover,Calaió,Rosina,Rosina,Calaió,Rosina,Rosina,"['Jean Francois Gillet', 'Nicola Belmonte', 'Raffaele Schiavi', 'Luca Ceccarelli', 'Antonio Mazzotta', 'Daniele SciaudoneL', 'Fabián Rinaudo', 'Manuel Coppola', 'Alessandro Rosina', 'Riccardo Maniero', 'Emanuele Calaió', 'Maks Barisic', 'Moses Odjer', 'Lorenzo Del Prete', 'Gastón Sauro', 'Pietro Terracciano', 'Gonzalo Escalante', 'Agatino Parisi', 'Giuseppe Ficara', 'Ciro Capuano', 'Raphael Martinho', 'Lucas Castro', 'Michał Chrapek', 'Filip Janković', 'Juan Manuel Ramos', 'Fabrizio Scapellato', 'Mattia Rossetti', 'Norbert Gyömbér']","['Alexis Rolin', 'Sebastián Leto', 'Luciano Fabián Monzón']"
Norwich City,"July 10, 2015",Ipswich Town,73,72,71,6500000,45,38,55,Organised,46,54,47,38,39,51,Cover,Martin,Redmond,Redmond,Jerome,Redmond,Hoolahan,"['John Ruddy', 'Steven Whittaker', 'Russell Martin', 'Sébastien Bassong', 'Martin Olsson', 'Nathan Redmond', 'Jonny Howson', 'Alexander Tettey', 'Bradley Johnson', 'Wes Hoolahan', 'Cameron Jerome', 'Graham Dorrans', 'Elliott Bennett', ""Gary O'Neil"", 'Ryan Bennett', 'Declan Rudd', 'Gary Hooper', 'Lewis Grabban', 'Josh Murphy', 'Vadis Odjidja-Ofoe', 'Carlos Cuéllar', 'Jamar Loza', 'Tony Andreu', 'Garrido', 'Mark Bunn', 'Miquel', 'Carlton Morris', 'Conor McGrandles', 'Kyle Callan-McFadden', 'Cameron King']",[]
1. FC Union Berlin,"July 10, 2015",Hertha BSC Berlin,65,63,65,1500000,56,47,53,Organised,48,38,68,34,45,50,Cover,Kreilach,Schönheim,Kreilach,Polter,Schönheim,Schönheim,"['Daniel Haas', 'Christopher Trimmel', 'Roberto Punčec', 'Toni Leistner', 'Fabian Schönheim', 'Sören Brandy', 'Damir Kreilach', 'Eroll Zejnullahu', 'Maximilian Thiel', 'Steven Skrzybski', 'Sebastian Polter', 'Martin Kobylański', 'Björn Jopek', 'Leonard Koch', 'Björn Kopplin', 'Mohamed Amsif', 'Bajram Nebihi', 'Christopher Quiring', 'Benjamin Köhler', 'Mario Eggimann', 'Michael Parensen', 'Valmir Sulejmani', 'Oliver Oschkenat', 'Tugay Uzan', 'Steve Kroll', 'David Hollwitz', 'Ahmed Waseem Razeek']",[]
FC Ingolstadt 04,"July 10, 2015",FC Augsburg,68,69,68,2000000,55,51,46,Organised,47,53,51,37,48,49,Cover,Matip,Groß,Groß,Groß,Groß,Groß,"['Ramazan Özcan', 'Danny da Costa', 'Marvin Matip', 'Benjamin Hübner', 'Danilo', 'Roger', 'Pascal Groß', 'Alfredo Morales', 'Stefan Lex', 'Lukas Hinterseer', 'Mathew Leckie', 'Thomas Pledl', 'Max Christiansen', 'Tobias Levels', 'Andre Mijatović', 'André Weis', 'Moritz Hartmann', 'Karl-Heinz Lappe', 'Stefan Wannenwetsch', 'Ralph Gunesch', 'Robert Bauer', 'Konstantin Engel', 'Almog Cohen', 'Tomáš Pekhart', 'Christian Eigler', 'Leon Jessen', 'Steffen Jainta', 'Christian Ortag']",[]
Huddersfield Town,"July 10, 2015",Bradford City,67,65,65,3200000,57,33,64,Organised,53,57,47,43,44,54,Cover,Hudson,Butterfield,Butterfield,Wells,Butterfield,Butterfield,"['Alex Smithies', 'Tommy Smith', 'Mark Hudson', 'Joel Lynch', 'Reece James', 'Sean Scannell', 'Conor Coady', 'Jacob Butterfield', 'Oscar Gobern', 'James Vaughan', 'Nahki Wells', 'Jonathan Hogg', 'Joe Lolley', 'David Edgar', 'Murray Wallace', 'Joe Murphy', 'Ishmael Miller', 'Harry Bunn', 'Radosław Majewski', 'Duane Holmes', 'Jake Carroll', 'Lloyd Allinson', 'Sondre Tronstad', 'Joe Wilkinson', 'Jake Charles', 'Joe Wright', 'Flo Bojaj', 'Philip Billing', 'Sam Guthrie', 'Ben Holmes']",[]
SV Sandhausen 1916,"July 10, 2015",Karlsruher SC,65,65,65,250000,48,63,53,Free Form,61,52,35,35,43,53,Cover,Kulovits,Achenbach,Achenbach,Wooten,Achenbach,Achenbach,"['Manuel Riemann', 'Lukas Kübler', 'Seyi Olajengbesi', 'Tim Kister', 'Timo Achenbach', 'Denis Linsmayer', 'Stefan Kulovits', 'Andrew Wooten', 'Marco Thiede', 'Kevin Kratz', 'Aziz Bouhaddouz', 'Alexander Bieler', 'Florian Hübner', 'Daniel Schulz', 'Leart Paqarada', 'Marco Knaller', 'Ranisav Jovanović', 'Nicky Adler', 'Nono', 'Moritz Kuhn', 'Robert Zillner', 'Manuel Stiefler', 'René Gartler', 'Solomon Okoronkwo', 'Michael Hiegl', 'Steven Zellner', 'Max Müller', 'Eric Schaaf']",[]
Le Havre Athletic Club,"July 10, 2015",Stade Malherbe Caen,64,61,62,1200000,46,56,52,Organised,49,54,52,47,55,52,Cover, Marchand,Bonnet,Bonnet, Bihan,Bonnet,Bonnet,"['Abdoulaye Diallo', 'Issam Chebake', 'Steven Fortès', 'Zargo Touré', 'Jérôme Mombris', 'Maxime Le Marchand', 'Jean-Pascal Fontaine', 'Romain Saïss', 'Geoffrey Malfleury', 'Mickaël Le Bihan', 'Alexandre Bonnet', 'Joseph Mendes', 'Ludovic Gamboa', 'Harrison Manzala', 'Dylan Louiserre', 'Stefan Milosavljevic', 'Jordan Ikoko', 'Ferland Mendy', ""Modeste M'Bami"", 'Régis Gurtner', 'Akeem Agbetu', 'Lys Mousset', 'Victor Lekhal', 'Pierre-Alex Bois', 'Pierrick Rakotoharisoa', 'Hervé Mombela', 'Brian Landini', 'Sébastien Flochon']",[]
Agrupación Deportiva Alcorcón,"July 10, 2015",Rayo Vallecano de Madrid,66,65,65,300000,60,49,51,Organised,51,54,61,37,46,48,Cover,Nagore,Kiko Femenía,Kiko Femenía,David Rodríguez,Guichón,Kiko Femenía,"['Javi Jiménez', 'Nagore', 'Dakonam Djene', 'Héctor Verdés', 'Bellvis', 'Usero', 'Mora', 'Kiko Femenía', 'Facundo Guichón', 'David Rodríguez', 'Máyor', 'Antonio Martínez', 'Fausto', 'Pastrana', 'Chema Rodríguez', 'Falcón', 'Bobley Anderson', 'Óscar Plano', 'Rubén Sanz', 'Escassi', 'Ángel', 'Fran Cruz', 'Mikel Iribas', 'Jorge Ortiz', 'Jorge Rico', 'Fernando', 'Ji Eon Hak', 'José Pereira']",[]
SV Darmstadt 98,"July 10, 2015",FSV Frankfurt 1899,68,66,67,250000,59,43,77,Organised,52,77,45,32,56,41,Cover,Sulu,Kempe,Kempe,Stroh-Engel,Kempe,Kempe,"['Christian Mathenia', 'Leon Balogun', 'Romain Brégerie', 'Aytaç Sulu', 'Fabian Holland', 'Tobias Kempe', 'Hanno Behrens', 'Jerôme Gondorf', 'Marcel Heller', 'Marco Sailer', 'Dominik Stroh-Engel', 'Jan Rosenthal', 'Florian Jungwirth', 'Benjamin Gorka', 'Sandro Sirigu', 'Patrick Platins', 'Ronny König', 'Milan Ivana', 'Yannick Stark', 'Maurice Exslager', 'Michael Stegmayer', 'Marius Sauss', 'Serkan Firat', 'Timon Fröhlich', 'Marco Komenda', 'Janik Bachmann']",[]
Brescia,"July 10, 2015",Atalanta,66,65,65,3000000,42,56,43,Organised,41,48,69,41,52,57,Cover,Zambelli,Scaglia,Scaglia,Caracciolo,Scaglia,Scaglia,"['Michele Arcari', 'Marco Zambelli', 'Antonio Caracciolo', 'Valerio Di Cesare', 'Racine Coly', ""Ismail H'Maidat"", 'Ahmad Benali', 'Luigi Alberto Scaglia', 'Alessio Sestu', 'Sodinha', 'Andrea Caracciolo', 'Victor Da Silva', 'Marco Valotti', 'Mario Gargiulo', 'Denis Tonucci', 'Lorenzo Andrenacci', 'Alessandro Budel', 'Edoardo Lancini', 'Leonardo Morosini', 'Daniele Corvia', 'Simone Bentivoglio', 'Isaac Ntow', 'Andrea Cistana', 'Nicolò Quaggiotto', 'Adama Diouf', 'Fabio Bertoli', 'Edoardo Tognazzi', 'Alberto Boniotti']",[]
1. FC Nuremberg,"July 10, 2015",SpVgg Greuther Fürth,67,67,68,3500000,46,58,49,Organised,51,52,59,30,40,44,Cover,Polák,Kerk,Kerk,Schöpf,Kerk,Kerk,"['Raphael Schäfer', 'Ondřej Čelůstka', 'Even Hovland', 'Ondřej Petrák', 'Dave Bulthuis', 'Jan Polák', 'Sebastian KerkL', 'Niklas Stark', 'Alessandro Schöpf', 'Guido Burgstaller', 'Danny Blum', 'Adrian Nikci', 'Tobias Pachonik', 'Manuel Bihr', 'Özgür Özdemir', 'Patrick Rakovsky', 'Jakub Sylvestr', 'Robert Koch', 'Timo Gebhart', 'Ivan Knezevic', 'Peniel Mlapa', 'Jürgen Mössmer', 'Alexander Stephan', 'Willi Evseev', 'Niclas Füllkrug', 'Samuel Radlinger', 'Markus Mendler', 'Mike Ott']",[]
Dijon FCO,"July 10, 2015",AJ Auxerre,63,63,66,1500000,51,54,49,Organised,49,52,52,45,46,58,Cover,Reynet,Tavares,Cissé,Tavares,Gastien,Cissé,"['Baptiste Reynet', 'Abdoulaye Bamba', 'William Rémy', 'Samuel Souprayen', 'Pape Paye', 'Johan Gastien', 'Ousseynou Cissé', 'Jordan Marié', 'Jérémie Bela', 'Julio Tavares', 'Loïs Diony', 'Yohann Rivière', 'Florian Raspentino', 'Romain Amalfitano', 'Zié Diabaté', 'Florent Perraud', 'Florent Mollet', 'Steven Paulle', 'Zakaria Diallo', 'Cédric Varrault', 'Kévin Rodrigues', 'Eliott Sorin', 'Jessy Benet', 'Mamadou Thiam', 'Pierre Lemonnier', 'Enzo Basilio']",[]
Latina,"July 10, 2015",Frosinone,64,64,63,700000,47,54,53,Organised,52,51,48,44,48,57,Cover,Valiani,Bidaoui,Viviani,Viviani,Viviani,Viviani,"['Raffaele Di Gennaro', 'Stefan Ristovski', 'Riccardo Brosco', 'Hernán Dellafiore', 'Masahudu Alhassan', 'Najib Ammari', 'Federico Viviani', 'Francesco Valiani', 'Nnamdi Oduamadi', 'Ali Sowe', 'Soufiane Bidaoui', 'Doudou Mangni', 'Romeo Shahinas', 'Giuseppe Figliomeni', 'Matteo Bruscagin', 'Simone Farelli', 'Angelo', 'Rubén Olivera', 'Marco Crimi', 'Michele Paolucci', 'Pietro Spilabotte', 'Thomas Barone', 'Gianluca Litteri', 'Andrea Esposito', 'Nicola Talamo', 'Andrea Milani', 'Nabil Jaadi', 'Abdelhakim Bouhna']",[]
Carpi,"July 10, 2015",Modena,66,66,66,200000,80,45,65,Organised,70,40,50,25,55,35,Cover,Porcari,Porcari,Porcari,Lasagna,Porcari,Porcari,"['Gabriel', 'Aljaz Struna', 'Simone Romagnoli', 'Riccardo Gagliolo', 'Gaetano Letizia', 'Lorenzo Pasciuti', 'Filippo Porcari', 'Raffaele Bianco', 'Antonio Di Gaudio', 'Lorenzo Lollo', 'Kevin Lasagna', 'Jerry Mbakogu', 'Emanuele Suagher', 'Fabrizio Poli', 'Nicola Pasini', 'Roberto Maurantonio', 'Roberto Inglese', 'Salvatore Molina', 'Federico Palmieri', 'Marco Modolo', 'Simon Laner', 'Matteo Brunelli', 'Maodo Malick Mbaye', 'Alessio Sabbione', 'Mario PuglieseL', 'Massimiliano Gatto', 'Renato Dossena', 'Alberto Torelli']",[]
Nottingham Forest,"July 10, 2015",Derby County,69,68,68,4500000,69,37,66,Organised,57,70,48,39,47,44,Cover,Lansbury,Lansbury,Lansbury,Lansbury,Burke,Burke,"['Karl Darlow', 'Eric Lichaj', 'Jamaal Lascelles', 'Jack Hobbs', 'Daniel Fox', 'Michael Mancienne', 'David Vaughan', 'Henri Lansbury', 'Chris Burke', 'Dexter Blackstock', 'Michail Antonio', 'Jamie Paterson', 'Ben Osborn', 'Kelvin Wilson', 'Todd Kane', 'Dorus de Vries', 'Matty Fryatt', 'Chuba Akpom', 'Andy Reid', 'Britt Assombalonga', 'Riera', 'Tyler Walker', 'Chris Cohen', 'Lars Veldwijk', 'Danny Collins', 'Dimitar Evtimov', 'Jorge Grant', 'Oliver Burke', 'Ross Durrant', 'Jack Blake']",[]
CE Sabadell FC,"July 10, 2015",Girona Fútbol Club,65,65,63,275000,38,43,44,Organised,35,63,63,35,51,62,Cover,Antonio Hidalgo,Antonio Hidalgo,Antonio Hidalgo,Gato,Antonio Hidalgo,Antonio Hidalgo,"['Nauzet', 'Cristian', 'Kiko Olivas', 'Carlos Hernández', 'Clerc', 'Juanjo', 'Eguaras', 'Antonio Hidalgo', 'Sotan Tanabe', 'AníbalL', 'Gato', 'Collantes', 'Javi Hervás', 'Crespí', 'Espasandín', 'De Navas', 'Benja', 'Marquitos', 'Pol Roigé', 'Riau', 'Yeray', 'Tamudo', 'Lucas Porcar', 'Agus', 'Ernest Forgás', 'Longás', 'Estellés', 'Iván Fuentes']",[]
La Spezia,"July 10, 2015",Genoa,68,66,66,2000000,56,48,51,Organised,58,64,54,58,60,56,Cover,Catellani,Brezovec,Brezovec,Brezovec,Brezovec,Brezovec,"['Leandro Chichizola', 'Filippo De Col', 'Niko Datković', 'Matteo Bianchetti', 'Mato Miloš', 'Marko Bakić', 'Josip Brezovec', 'De las Cuevas', 'Andrea Catellani', 'Mario Šitum', 'Nenê', 'Niccolò Giannetti', 'Juande', 'Dario Čanađija', 'Luna', 'Timothy Nocchi', 'Simone Bastoni', 'Matija Katanec', 'Zoran Kvržić', 'Juri Cisotti', 'Francesco Migliore', 'Alen Stevanovic', 'Nahuel Valentini', 'Gennaro Acampora', 'Nicola Madonna', 'Leonardo Bazzucchi', 'Felice Piccolo', 'Patrick Ciurria']",[]
Club Deportivo Leganés,"July 10, 2015",Getafe Club de Fútbol,66,64,64,150000,50,40,50,Organised,54,50,50,50,55,50,Cover,Postigo,Álvaro,Álvaro,Álvaro,Álvaro,Álvaro,"['Serantes', 'Rubén Peña', 'Postigo', 'Martín Mantovani', 'Cesar Soriano', 'Eraso', 'Alberto Martín', 'Álvaro', 'Diego Aguirre', 'Bryan Rabello', 'Chuli', 'Erik Morán', 'Velasco', 'Marc Bertrán', 'Carlos Delgado', 'Dani Barrio', 'Borja Lázaro', 'Sergio Prendes', 'Pape Maly Diamanka', 'Santamaría', 'Fran Moreno', 'Alain Eizmendi', 'Luis Ruiz', 'Carlos', 'Villacañas', 'Alex Mozo', 'Queco Piña']",[]
Wolverhampton Wanderers,"July 10, 2015",West Bromwich Albion,69,67,66,3000000,46,36,54,Organised,55,47,48,47,48,55,Cover,Stearman,Sako,Sako,Sako,Sako,Sako,"['Tomasz Kuszczak', 'Dominic Iorfa', 'Ethan Ebanks-Landell', 'Richard Stearman', 'Scott Golbourne', 'David Edwards', 'Kevin McDonald', 'Rajiv van La Parra', 'Bakary Sako', 'Benik Afobe', 'Nouha Dicko', 'James Henry', 'Lee Evans', 'Matt Doherty', 'Kortney Hause', 'Jonathan Flatt', 'Michael Jacobs', 'Jack Price', 'Carl Ikeme', 'Danny Batth', 'Tommy Rowe', 'Razak Boukari', 'Georg Margreitter', 'Aaron McCarey', 'Conor Hunte', 'George Saville', 'Zeli Ismail', 'Jordan Graham', 'Ibrahim Keita', 'George Swan']",['Giovanni Pasquale']
Deportivo Alavés,"July 10, 2015",SD Eibar,65,66,65,275000,51,51,52,Organised,48,67,48,47,37,66,Cover,Beobide,Juli,Juli,Juli,Juli,Juli,"['Manu', 'Unai Medina', 'Laguardia', 'Jiří Jarošík', 'Raul García', 'Rafa García', 'Beobide', 'Lanzarote', 'Toti', 'Juli', 'Ranko Despotović', 'Dani Toribio', 'Manu García', 'Marco Sangalli', 'Migue', 'Goitia', 'Manu Barreiro', 'Juanma', 'Ion Vélez', 'Sergio Llamas', 'Sergio Tejera', 'Xabi Castillo', 'Galán', 'Einar Galilea', 'Andoni', 'Lafuente', 'Canillas']",[]
FC Erzgebirge Aue,"July 10, 2015",RB Leipzig,64,63,64,600000,50,59,64,Organised,55,63,33,24,23,33,Cover,Fink,Benatelli,Benatelli,Schönfeld,Benatelli,Hertner,"['Martin Männel', 'Fabian Müller', 'Stipe Vučur', 'Michael Fink', 'Sebastian Hertner', 'Oliver Schröder', 'Clemens Fandrich', 'Rico Benatelli', 'Patrick Schönfeld', 'Bobby Wood', 'Stefan Mugoša', 'Romario Kortzorg', 'Mike Könnecke', 'Thomas Paulus', 'Vladimir Rankovic', 'Sascha Kirschstein', 'Selçuk Alibaz', 'Dorian Diring', 'Arvydas Novikovas', 'Nils Miatke', 'Golobart', 'Filip Lukšík', 'René Klingbeil', 'Philip Hauck', 'Alexander Dartsch', 'Benedikt Krug', 'Marius Schulze', 'Thomas Sonntag']",[]
Club Deportivo Numancia de Soria,"July 10, 2015",Real Valladolid Club de Fútbol,65,66,64,850000,44,48,45,Organised,54,41,57,50,46,62,Cover,Álvarez,Álvarez,Álvarez,Álvarez,Álvarez,Álvarez,"['Munir', 'Isidoro', 'Dani Calvo', 'Mickaël Gaffoor', 'Ripa', 'Iñigo Pérez', 'Marc Pedraza', 'Natalio', 'Vicente', 'Julio Álvarez', 'Sergi Enrich', 'Gerrit', 'Luis Valcarce', 'Juanma', 'Regalón', 'Biel Ribas', 'Del Pino', 'Cicinho', 'Edipo Rodríguez', 'Antonio Tomás', 'Kader', 'César Vinuesa', 'Pablo Valcarce', 'Duro', 'David Sanz', 'Guillermo']",[]
Chamois Niortais FC,"July 10, 2015",Angers SCO,65,63,64,500000,67,33,57,Organised,57,60,53,55,52,48,Cover,Diaw,Martin,Martin,Koné,Martin,Martin,"['Rodolphe Roche', 'Tristan Lahaye', 'Yoann Barbet', 'Matthieu Sans', 'Quentin Bernard', 'Djiman Koukou', 'Jimmy Roye', 'Ande Dona Ndoh', 'Florian Martin', 'Mouhamadou Diaw', 'Seydou Koné', 'Adama Ba', 'Kévin Rocheteau', 'Antoine Batisse', 'Junior Sambia', 'Paul Delecroix', ""Mayingila N'Zuzi Mata"", 'Frédéric Bong', 'Kévin Malcuit', 'Chafik Tigroudja', 'Lamine Fall', 'Jérémy Grain', 'Saturnin Allagbé', 'Lucas Bobe']",[]
Birmingham City,"July 10, 2015",Aston Villa,68,67,66,2500000,56,32,75,Organised,77,62,64,42,47,54,Cover,Caddis,Caddis,Cotterill,Caddis,Cotterill,Cotterill,"['Darren Randolph', 'Paul Caddis', 'Michael Morrison', 'Jonathan Spector', 'Jonathan Grounds', 'Stephen Gleeson', 'Robert Tesche', 'David Cotterill', 'Demarai Gray', 'Diego Fabbrini', 'Clayton Donaldson', 'Lloyd Dyer', 'Andrew Shinnie', 'Koby Arthur', 'Paul Robinson', 'Colin Doyle', 'Wes Thomas', 'David Davis', 'Lee Novak', 'Rob Kiernan', 'Neal Eardley', 'Nikola Žigić', 'Callum Reilly', 'Matt Green', 'Mark Duffy', 'Mitch Hancox', 'Gavin Gunning', 'Reece Brown', 'Nick Townsend', 'Charlee Adams']",['Kevin Mensah']
Wigan Athletic,"July 10, 2015",Bolton Wanderers,68,67,68,8500000,51,37,56,Organised,52,59,40,62,48,44,Cover,Perch,Kim Bo Kyung,Perch,McClean,Kim Bo Kyung,Kim Bo Kyung,"['Scott Carson', 'Emmerson Boyce', 'James Perch', 'Harry Maguire', 'Jason Pearce', 'Gaëtan Bong', 'Tim Chow', 'Don Cowie', 'Kim Bo Kyung', 'Marc-Antoine Fortuné', 'James McClean', 'Jermaine Pennant', 'Chris McCann', 'Leon Barnett', 'Andrew Taylor', 'Ali Al-Habsi', 'Billy McKay', 'Jordan Flores', 'Louis Robles', 'Lee Nicholls', 'Grant Holt', 'William Kvist', 'Emyr Huws', 'Martyn Waghorn', 'Leon Clarke', 'Juan Carlos García', 'Aaron Taylor-Sinclair', 'Sheyi Ojo', 'Declan Poole', 'Sam Cosgrove']",[]
Bari,"July 10, 2015",Palermo,68,68,67,2000000,52,40,65,Organised,40,55,48,50,51,55,Cover,Caputo,Galano,Bellomo,Caputo,Bellomo,Galano,"['Alessandro Micai', 'Stefano Sabelli', 'Leandro Rinaudo', 'Matteo Contini', 'Pasquale Schiattarella', 'Massimo Donati', 'Marco Romizi', 'Nicola Bellomo', 'Cristian Galano', 'Francesco Caputo', 'Giuseppe De Luca', 'Marino Defendi', 'Tomislav Gomelt', 'Ionut Alin Rada', 'Marco Calderoni', 'Enrico Guarna', 'Giulio Ebagua', 'Joseph Minala', 'Simone Salviato', 'Simone Benedetti', 'Michele Camporese', 'Antonio Donnarumma', 'Kingsley Boateng', 'Vito Leonetti', 'Gaetano Castrovilli', 'Lorenzo Filippini']",['Daniele Sciaudone']
1860 Munich,"July 10, 2015",FC Bayern Munich,71,65,66,3500000,48,50,54,Organised,48,47,53,44,54,65,Cover,Schindler,Wittek,Adlung,Adlung,Adlung,Adlung,"['Vitus Eicher', 'Gary Kagelmacher', 'Kai Bülow', 'Christopher Schindler', 'Maximilian Wittek', 'Dominik Stahl', 'Julian Weigl', 'Krisztián Simon', 'Jannik BandowskiL', 'Daniel Adlung', 'Rubin Okotie', 'Ilie Sánchez', 'Valdet Rama', 'Korbinian Vollmann', 'Vladimir Kovac', 'Stefan Ortega', 'Stephan Hain', 'Marius Wolf', 'Guillermo Vallori', 'Anthony Annan', 'Martin Angha', 'Rodri', 'Edu Bedia', 'Daylon Claasen', 'Michael Netolitzky', 'Fejsal Mulic', 'Moritz Volz', 'Korbinian Burger']",[]
Cittadella,"July 10, 2015",Hellas Verona,64,62,58,1000000,38,47,42,Organised,40,41,43,39,41,57,Cover,Pellizzer,Rigoni,Stanco,Gerardi,Paolucci,Paolucci,"['Andrea Pierobon', 'Daniel Cappelletti', 'Nicola Donazzan', 'Michele Pellizzer', 'Alessandro De Leidi', 'Andrea Paolucci', 'Alessio Benedetti', 'Nicola Rigoni', 'Mattia Minesso', 'Federico Gerardi', 'Francesco Stanco', 'Alessandro Sgrigna', 'Daniele Bazzoffia', 'Massimiliano Busellato', 'Filippo Scaglia', 'Alex Valentini', 'Claudio Coralli', 'Antonio Barreca', 'Simone Pecorini', 'Andrea Signorini', 'Tomasz Kupisz', 'Stefano Amato', 'Agostino Camigliano', 'Lorenzo Battagliarin', 'Riccardo Ugo', 'Guido Bizzotto', 'Filippo Lora', 'Andrea Schenetti']",[]
Pescara,"July 10, 2015",Lazio,67,62,63,4000000,64,31,53,Organised,41,49,41,39,46,43,Cover,Memushaj,Brugman,Brugman,Memushaj,Brugman,Brugman,"['Vincenzo Fiorillo', 'Francesco Zampano', 'Bartosz Salamon', 'Michele Fornasier', 'Raffaele Pucino', 'Ransford Selasi', 'Gaston Brugman', 'Ledian Memushaj', 'Birkir Bjarnason', 'Stefano Pettinari', 'Federico Melchiorri', 'Cristian Pasquato', 'Marco Sansovini', 'Alessandro Bruno', 'Dario Župarić', 'Gabriele Aldegani', 'Gianluca Caprari', 'Matteo Politano', 'Andrea Rossi', 'Flavio Lazzari', 'Fabrizio Grillo', 'Andrea Gessa', 'Stipe Vrdolijak', 'Simone Aresti', 'Emanuele Pesoli', 'Luca Savelloni', 'Lucas Torreira', 'Deian Boldor']",['Jonathas']
Sociedad Deportiva Ponferradina,"July 10, 2015",Real Valladolid Club de Fútbol,65,67,66,250000,48,55,55,Organised,52,59,38,36,42,67,Cover,Acorán,Acorán,Pablo Infante,Acorán,Acorán,Pablo Infante,"['Arrizabalaga', 'Óscar Ramírez', 'Gaztañaga', 'Alberto Aguilar', 'Carpio', 'Jonathan Ruiz', 'Andy', 'Acorán', 'Pablo Infante', 'Rubén Sobrino', 'Berrocal', 'Rueda', 'Adán', 'Alan Baró', 'Samuel Geoffroy Camille', 'Dinu Moldovan', 'Yuri', 'Melero', 'Tete', 'Lucas Domínguez', 'Cristian Fernández', 'Castañeda', 'Raly Cabral', 'Mario', 'Francisco Prieto']",[]
1. FC Kaiserslautern,"July 10, 2015",1. FSV Mainz 05,69,69,68,2000000,49,54,52,Organised,49,54,64,41,51,53,Cover,Karl,Löwe,Löwe,Zoller,Zimmer,Löwe,"['Tobias Sippel', 'Michael Schulze', 'Willi Orban', 'Tim Heubach', 'Chris Löwe', 'Markus Karl', 'Karim Matmour', 'Alexander Ring', 'Kerem Demirbay', 'Jean Zimmer', 'Simon Zoller', 'Amin Younes', 'Ruben Yttergård Jenssen', 'Kevin Stöger', 'Dominique Heintz', 'Marius Müller', 'Philipp Hofmann', 'Sebastian Jacob', 'Mateusz Klich', 'André Fomitschow', 'Erik ThommyL', 'Marcel Gaus', 'Manfred Osei Kwadwo', 'Florian Riedel', 'Michael Schindele', 'Julian Pollersbeck', 'Raphael Sallinger']",[]
Livorno,"July 10, 2015",Varese,68,65,67,2500000,58,58,67,Organised,38,27,69,31,57,38,Cover,Emerson,Vantaggiato,Emerson,Vantaggiato,Djokovic,Djokovic,"['Luca Mazzoni', 'Federico Ceccherini', 'Emerson', 'Alessandro Lambrughi', 'Gabriel Appelt Pires', 'Maicon', 'Andrea Luci', 'Damian Djokovic', 'Giuseppe Gemiti', 'Luca Siligardi', 'Daniele Vantaggiato', 'Andrey Galabinov', 'Marco Biagianti', 'Enej Jelenič', 'Lorenzo Gonnelli', 'Elia Bastianoni', 'Jéfferson', 'Alan Empereur', 'Emanuel Rivas', 'Luca Belingheri', 'Alessandro Bernardini', 'Rodney Strasser', 'Marco Moscati', 'Daniele Bartolini', 'Elia Bruzzi', 'Andrea Favilli', 'Antonio Meola', 'Jami Rafati']",[]
Fortuna Düsseldorf,"July 10, 2015",1. FC Köln,69,69,68,2000000,47,62,47,Organised,55,68,55,56,57,52,Cover,Bodzek,Liendl,Liendl,Liendl,Liendl,Liendl,"['Michael Rensing', 'Julian Schauerte', 'Adam Bodzek', 'Jonathan Tah', 'Lukas Schmitz', 'Sérgio da Silva Pinto', 'Oliver Fink', 'Michael Liendl', 'Axel Bellinghausen', 'Erwin Hoffer', 'Charlison Benschop', 'Andreas Lambertz', 'Ben Halloran', 'Bruno Soares', 'Heinrich Schmidtgal', 'Lars Unnerstall', 'Joel PohjanpaloL', 'Mathis Bolly', 'Maurice Pluntke', 'Ihlas Bebou', 'Tugrul Erat', 'Dustin Bomheuer', 'Robin Urban', 'Christian Gartner', 'Christopher Avevor', 'Christian Weber', 'Robin Heller', 'Marvin Ajani']",[]
Brentford,"July 10, 2015",Queens Park Rangers,65,66,63,800000,60,37,57,Organised,48,54,43,48,42,62,Cover,Douglas,Jota,Douglas,Gray,Pritchard,Jota,"['David Button', 'Moses Odubajo', 'Harlee Dean', 'James Tarkowski', 'Jake Bidwell', 'Toumani Diagouraga', 'Jonathan Douglas', 'Jota', 'Alex Pritchard', 'Alan Judge', 'Andre Gray', 'Stuart Dallas', 'Jon Toral', 'Tony Craig', 'Alan McCormack', 'Jack Bonham', 'Chris Long', 'Tommy Smith', 'Tébar', 'Betinho', 'Scott Hogan', 'Lewis MacLeod', ""Jack O'Connell"", 'Jermaine Udumaga', 'Raphaël Calvet', ""Daniel O'Shaughnessy"", 'Josh Clarke', 'Courtney Senior', 'Josh Laurent', 'Aaron Greene']",[]
Varese,"July 10, 2015",Crotone,63,62,64,500000,52,47,55,Organised,51,67,54,38,49,58,Cover,Zecchin,Zecchin,Zecchin,Miracoli,Zecchin,Zecchin,"['Filippo Perucchini', 'Riccardo Fiamozzi', 'Angelo Rea', 'Marco Rossi', 'Yassine Jebbour', 'Andrea Barberis', 'Gianpietro Zecchin', 'Manuele Blasi', 'Wilfred Chinoye Osuji', 'Antonini Čulina', 'Luca Miracoli', 'Neto Pereira', 'Ignacio Lores Varela', 'Luca Forte', 'Martino Borghese', 'Mark Birighitti', 'Mensur Kurtishi', 'Daniele Corti', 'Stefan Simic', 'Leonardo Capezzi', 'Andrea Cristiano', 'Luigi Falcone', 'Nikola Jakimovski', 'Alessandro Capello', 'Niccolò Dondoni', 'Andrea De Vito', 'Francesco Luoni', 'Cosimo La Gorga']",[]
Racing Santander,"July 10, 2015",Athletic Club de Bilbao,64,64,63,200000,48,52,47,Organised,53,53,53,51,47,53,Cover,Mario Fernández,Iñaki,Iñaki,Iñaki,Iñaki,Iñaki,"['Mario Fernández', 'Pedro Orfila', 'Samuel', 'Bernardo', 'Iñaki', 'Fede', 'Concha', 'Andreu', 'Javi Soria', 'Álvaro', 'Mamadou Sylla Diallo', 'Miguélez', 'Borja Granero', 'Saúl', 'Borja', 'Germán Parreño', 'Quique', 'Iván Moreno', 'Juanpe', 'Mariano', 'Valdo', 'Mamadou Kone', 'Rubén Durán', 'Francis', 'Adán Pérez', 'Oriol', 'Camus', 'Puras']",[]
Watford,"July 10, 2015",Reading,70,70,68,3200000,61,32,52,Free Form,54,42,45,38,52,45,Cover,Deeney,Abdi,Abdi,Deeney,Abdi,Abdi,"['Gomes', 'Marco Motta', 'Craig Cathcart', 'Gabriele Angella', 'Matthew Connolly', 'Ikechi Anya', 'Ben Watson', 'Miguel Layún', 'Almen Abdi', 'Matěj Vydra', 'Troy Deeney', 'Dániel TőzsérL', 'Gianni Munari', 'Juan Carlos Paredes', 'Tommie Hoban', 'Jonathan Bond', 'Fernando Forestieri', 'Odion Ighalo', 'Joel Ekstrand', 'Daniel Pudil', 'Lloyd Doyley', 'Sean Murray', 'Vujadin Savić', 'Connor Smith', 'Harry Kyprianou', 'Rene Gilmartin', ""Luke O'Nien"", 'George Byers', 'Josh Doherty']",[]
La Berrichonne de Châteauroux,"July 10, 2015",Tours FC,62,63,62,500000,63,58,45,Organised,52,51,63,46,44,49,Cover,Nestor,Kamara,Kamara,Thil,Kamara,Kamara,"['Landry Bonnefoi', 'Emeric Dudouit', 'Loïc Nestor', 'Cédric Hountondji', 'Johann Obiang', 'Bocundji Ca', 'Distel Zola', 'Hassane Kamara', 'Damien Plessis', 'Flavien Tait', 'Grégory Thil', 'Terence Makengo', ""Ulrich N'Nomo"", 'Tony Mauricio', 'Erwan Quintin', 'Louis Souchaud', 'Erwin Koffi', 'Elie Ehua', 'Sébastien Roudet', 'Laurent Bonnart', 'Jérôme Leroy', 'Nasser Chamed', 'Fabien Boyer', 'Denys Bain', 'Jonathan Millieras', 'Anthony Derouard', 'Hamza Sakhi', 'Paul Arnold Garita']",[]
Club Atlético Osasuna,"July 10, 2015",Athletic Club de Bilbao,68,70,68,3500000,38,53,52,Organised,55,59,54,47,52,69,Cover,Nino,Roberto Torres,Roberto Torres,Nekounam,Roberto Torres,Roberto Torres,"['Riesgo', 'Javi Flaño', 'Miguel Flaño', 'David García', 'Nikola Vujadinović', 'Oier', 'Hervías', 'Roberto Torres', 'Javad Nekounam', 'Sisi', 'Nino', 'Raoul Cedric Loé', 'Mikel Merino', 'Kenan Kodro', 'Jordan Lotiès', 'Santamaría', 'Karim Ansarifard', 'Olavide', 'Liassine Cadamuro', 'Echaide', 'José García', 'Alex Berenguer', 'De Frutos', 'Antonio Otegui', 'Aitor Buñuel', 'Satrústegui', 'Barja', 'Juan Pérez']",[]
Lanciano,"July 10, 2015",Pescara,63,64,65,500000,51,47,38,Organised,56,54,66,37,49,40,Cover,Mammarella,Mammarella,Mammarella,Mammarella,Mammarella,Mammarella,"['Nicolas', 'Antonio Aquilanti', 'Magnus Troest', 'Federico Amenta', 'Carlo Mammarella', 'Armin Bačinovič', 'Domenico Di Cecco', 'Gaetano Vastola', 'Mame Thiam', 'Gaetano Monachello', 'Leonardo Gatto', 'Antonio Piccolo', 'Elio De Silvestro', 'Alberto Cerri', 'Davide Agazzi', 'Vincenzo Aridità', 'Marco Pinato', 'Stefano Ferrario', 'Leonardo Nunzella', 'Fabrizio Paghera', 'Paolo Grossi', 'Manuel Turchi', 'Simone Fioretti', 'Andrea Conti', 'Mattia Bei', 'Mario Esposito', 'Davide Petrachi']",[]
AC Arles Avignon,"July 10, 2015",Olympique de Marseille,62,61,63,800000,56,46,54,Organised,55,40,43,48,53,57,Cover,Givet,Psaume,Psaume,Domoraud,Psaume,Psaume,"['Axel Maraval', 'Jérôme Phojo', ""Ousmane N'Diaye"", 'Gaël Givet', 'Rémy Bonne', 'Benjamin Psaume', 'Ibrahima Ba', 'Amine Oudrhiri', 'Wilfried Domoraud', 'Ahmed Issa Koro Koné', 'Fousseyni Cissé', 'Jackson Mendes', 'Joël Bopesu', 'Maxence Medjelled', 'Ismaël Bennacer', 'Thomas Bosmel', 'Samuel Gigot', 'Baptiste Gainnet', 'Garry Bocaly', 'Enzo Réale', 'Mamadou Niang', 'Téji Savanier', 'Ziri Hammar', 'Maxime Blanc', 'Larsen Touré', 'Hugo Rodriguez', 'Adrien Coulomb', 'Florian Pinteaux']",[]
Reading,"July 10, 2015",West Ham United,68,67,68,6000000,44,36,64,Organised,62,65,42,51,47,52,Cover,Karacan,Obita,Obita,McCleary,Norwood,Obita,"['Adam Federici', 'Chris Gunter', 'Michael Hector', 'Alex Pearce', 'Jordan Obita', 'Oliver Norwood', 'Nathaniel Chalobah', 'Garath McCleary', 'Hal Robson-Kanu', 'Jem Karacan', 'Pavel Pogrebnyak', 'Jamie Mackie', 'Nick Blackman', 'Stephen Kelly', 'Jake Cooper', 'Mikkel Andersen', 'Simon Cox', 'Daniel Williams', 'Yakubu', 'Anton Ferdinand', 'Zat Knight', 'Hope Akpan', 'Jack Stacey', 'Aaron Kuhl', 'Tariqe Fosu', 'Ryan Edwards', 'Daniel Lincoln', 'Niall Keown', 'Andrija Novakovich', 'Pierce Sweeney']",[]
AC Ajaccio,"July 10, 2015",Sporting Club Bastia,66,63,63,1500000,59,57,52,Organised,48,38,52,38,47,53,Cover,Cavalli,Cavalli,Cavalli,Cavalli,Cavalli,Cavalli,"['Anthony Scribe', 'Eric Marester', 'Joris Sainati', 'Pape Abou Cissé', 'Fabrice Begeorgi', 'Benoît Pedretti', 'Laurent Abergel', 'Gary Coulibaly', 'Johan Cavalli', 'Nicolas Fauvergue', 'Hugo Vidémont', 'Benoît Lesoimier', 'Marvin Diop', 'Hugo Aine', 'Guillaume Fanucchi', 'Oumar Sissoko', 'Claude Gonçalves', 'Grenddy Perozo', 'Cédric Kanté', 'Mickael Leca', 'Issa Baradji', 'Jordi Quintillà', 'Brandon Deville', 'Paul Babiloni', 'Mouaad Madri', 'Cédric Orengo', 'Nordine Aït Yahia', 'Julien Remiti']",[]
Avellino,"July 10, 2015",Napoli,67,64,63,500000,48,55,32,Organised,68,55,58,52,56,52,Cover,Castaldo,Zito,Zito,Castaldo,Zito,Zito,"['Pierluigi Frattali', 'Fabio Pisacane', 'Rodrigo Ely', 'Marco Chiosa', 'Luca Bittante', 'Mariano Arini', 'Eros Schiavon', 'Antonio Zito', 'Alessandro Sbaffo', 'Luigi Castaldo', 'Marcello Trotta', 'Benjamin Mokulu', 'Arnor Angeli', ""Angelo D'Angelo"", 'Pietro Visconti', 'Alfred Gomis', 'Gianmario Comi', 'Paolo Regoli', 'Alessandro Fabbro', 'Alberto Almici', 'Attila Filkor', 'Mohamed Soumaré', 'Moussa Kone', 'Andrea Bavena', 'Jherson Vergara']",[]
Millwall,"July 10, 2015",West Ham United,62,66,65,2200000,59,34,70,Organised,76,50,55,39,42,37,Cover,Forde,Martin,Martin,Gregory,Upson,Martin,"['David Forde', 'Alan Dunne', 'Sid Nelson', 'Mark Beevers', 'Dan Harding', 'Lee Martin', 'Nadjim Abdou', 'Shaun Williams', 'Ed Upson', 'Lee Gregory', ""Aiden O'Brien"", 'Magaye Gueye', 'Paris Cowan-Hall', 'Jack Powell', 'Shaun Cummings', 'Jordan Archer', 'Gary Taylor-Fletcher', 'Jamie Philpot', 'Ben Thompson', 'Nicky Bailey', 'Martyn Woolford', 'Jos Hooiveld', 'Alfie Pavey', 'Danny Shittu', 'Ricardo Fuller', 'Ángel Martínez', 'Carlos Edwards', 'Michael Tonge', 'Stefan Maierhofer', 'Justin Hoyte']",[]
SpVgg Greuther Fürth,"July 10, 2015",1. FC Nuremberg,65,65,66,2000000,54,60,53,Organised,54,49,46,48,56,66,Cover,Hesl,Schröck,Stiepermann,Freis,Schröck,Schröck,"['Wolfgang Hesl', 'Zhi Gin Lam', 'Marco Caligiuri', 'Benedikt Röcker', 'Niko Gießelmann', 'Goran Šukalo', 'Stephan Fürstner', 'Marco Stiepermann', 'Robert Žulj', 'Stephan Schröck', 'Sebastian Freis', 'Johannes Wurtz', 'Tom Weilandt', 'Marco Rapp', 'Stefan Thesker', 'Mark Flekken', 'Kacper Przybyłko', 'Florian Trinks', 'George Davies', 'Zsolt Korcsmár', 'Zlatko Tripić', 'Florian Mohr', 'Ronny Philp', 'Tom Mickel', 'Miro Varvodić', 'Jann George', 'Ilir Azemi', 'Alexandros Kartalis']",[]
Valenciennes FC,"July 10, 2015",LOSC Lille,64,64,63,1000000,49,59,52,Organised,51,67,56,47,51,46,Cover,Abdelhamid,Ndao,Ciss, Tallec,Ciss,Ciss,"['Paul Charruau', 'Jérôme Guihoata', 'Kenny Lala', 'Yunis Abdelhamid', 'Saliou Ciss', 'Lamine Ndao', 'Lucas Tousart', 'Eloge Enza-Yamissi', 'Sigamary Diarra', 'Anthony Le Tallec', 'Pierre Slidja', 'Rydell Poepon', 'Pape Abdou Camara', 'Isaac Mbenza', 'Angelo Fulgini', 'Bertrand Laquait', ""Opa N'Guette"", 'Loris Néry', 'Jean-Luc Dompé Diarra', 'Adama Coulibaly', 'Fabrice Abriel', 'Sékou Baradji', 'Abdoul Aziz Kaboré', 'Moussa Niakhaté', 'Yanis Hamzaoui', 'Lucas Daury', 'Marco Da Silva', 'Anthony Dupré']",[]
Frosinone,"July 10, 2015",Latina,64,63,63,1500000,63,48,46,Organised,51,50,50,55,57,47,Cover,Frara,Gucher,Gucher,Ciofani,Gucher,Sammarco,"['Massimo Zappino', 'Damiano Zanon', 'Davide Bertoncini', 'Uroš Ćosić', 'Manuel Pamić', 'Robert Gucher', 'Paolo Sammarco', 'Alessandro Frara', 'Massimiliano Carlini', 'Daniel Ciofani', 'Federico Dionisi', 'Mario Santana', 'Arturo Lupoli', 'Danilo Soddimo', 'Leonardo Blanchard', 'Mirko Pigliacelli', 'Luca Paganini', 'Mirko Gori', 'Roberto Crivello', 'Enrico Maria Crescenzi', 'Matteo Ciofani', 'Victor De Lucia', 'Lorenzo Ranelli', 'Luis César Santamaría', 'Adriano Russo']",[]
Vercelli,"July 10, 2015",Torino,61,62,61,1000000,51,51,54,Organised,54,68,58,47,49,60,Cover,Cosenza,Castiglia,Castiglia,Beretta,Castiglia,Ardizzone,"['Danilo Russo', 'Massimiliano Scaglia', 'Francesco Cosenza', 'Mohamed Coly', 'Umberto Germano', 'Luca Castiglia', 'Francesco Ardizzone', 'Gianluca Musacci', 'Mattia Sprocati', 'Giacomo Beretta', 'Nunzio Di Roberto', 'Niccoló Belloni', ""Matteo D'Alessandro"", 'Simone Emmanuello', 'Davide Luppi', 'Entonjo Elezaj', 'Ettore Marchi', 'Matteo Liviero', 'Daniele Ragatzu', 'Cristian Bunino', 'Gianni Fabiano', 'Manuel Scavone', 'Luca Milesi', 'Sergio Viotti', 'Michele Ferri', 'Mattia Bani', 'Ronaldo', 'Jakub Hromada']",[]
Real Betis Balompié,"July 10, 2015",Sevilla Fútbol Club,73,71,68,3700000,59,49,37,Organised,59,43,53,58,49,58,Cover,Jorge Molina,Kadir,Xavi Torres,Rubén Castro,Kadir,Kadir,"['Adán', 'Cristiano Piccini', 'Jordi Figueras', 'Bruno', 'Casado', ""Alfred N'Diaye"", 'Xavi Torres', 'Foued Kadir', 'Portillo', 'Jorge Molina', 'Rubén Castro', 'Cejudo', 'Lorenzo Reyes', 'Molinero', 'Héctor Rodas', 'Dani Giménez', 'Vincenzo Rennella', 'Dani Ceballos', 'Dani Pacheco', 'Vadillo', 'Varela', 'Caro', 'Fabián', 'Matilla', 'Alex Martínez', 'José Carlos', 'Carlos García', 'Javi Montoya']",[]
Nîmes Olympique,"July 10, 2015",Montpellier Hérault Sport Club,66,64,62,800000,50,41,47,Organised,49,59,54,46,47,49,Cover,Maoulida,Nouri,Nouri,Nouri,Nouri,Nouri,"['Mathieu Michel', 'Kévin Renaut', 'Fabien Barrillon', 'Romain Élie', 'Jérémy Cordoval', 'Jonathan Parpeix', 'Mathieu Robail', 'Riad Nouri', 'Panagiotis Vlachodimos', 'Anthony Koura', 'Toifilou Maoulida', 'Alexandre Mendy', 'Larry Azouni', 'Antonin Bobichon', 'Anthony Marin', 'Gauthier Gallon', 'Mame Ousmane Cissokho', 'Féthi Harek', 'Romain Sartre', 'Nenad Kovačević', 'Abdel Malik Hsissane', 'Jonathan Lacourt', 'Abdelhakim Omrani', 'Anthony Briançon', 'Théo Valls', 'Anthony Kasparian', 'Clément Deprés']",[]
Terni,"July 10, 2015",Lazio,66,65,63,2000000,56,45,39,Organised,52,78,56,50,56,57,Cover,Fazio,Viola,Viola,Ceravolo,Viola,Viola,"['Alberto Brignoli', 'Pasquale Fazio', 'Biagio Meccariello', 'Martin Valjent', 'Stefan Popescu', 'Luigi Vitale', 'Mirko Eramo', 'Davide Gavazzi', 'Nicolas Viola', 'Felipe Nicolás Avenatti', 'Fabio Ceravolo', 'Valeri Bojinov', 'César Falletti', 'Jens Janse', 'Alessandro Bastrini', 'Andrea Sala', 'Salif Dianda', 'Giuseppe Russo', 'Marko Dugandžić', 'Alberto Masi', 'Damiano Ferronetti', 'Antonio Palumbo', 'Marco Piredda', 'Luca Crecco', 'Simone Russini', 'Marco Boninsegni', 'Manuel Milinković', 'Alex Gagliardini']",[]
Rotherham United,"July 10, 2015",Sheffield United,64,65,63,950000,62,31,69,Organised,58,56,58,41,47,47,Cover,Morgan,Pringle,Pringle,Derbyshire,Pringle,Pringle,"['Emiliano Martinez', 'Lawrie Wilson', 'Craig Morgan', 'Richard Wood', 'Daniel Lafferty', 'Kári Árnason', 'Richard Smallwood', 'Lee Frecklington', 'Danny Ward', 'Ben Pringle', 'Matt Derbyshire', 'Adam Hammill', 'Paul Green', 'Conor Newton', 'Kirk Broadfoot', 'Adam Collin', 'Jonson Clarke-Harris', 'Jordan Bowery', 'Robert Milsom', 'Frazer Richardson', 'Scott Loach', 'Mat Sadler', 'Mark Bradley', 'Jerry Yates', 'Daniel Rowe', 'Tony Thompson', 'Reece Lucas']",[]
Stade Brestois 29,"July 10, 2015",En Avant de Guingamp,67,66,64,2000000,59,48,54,Organised,49,53,66,44,34,51,Cover,Ramaré,Grougi,Grougi,Grougi,Grougi,Grougi,"['Joan Hartock', 'Gaëtan Belaud', 'Brendan Chardonnet', 'Simon Falette', 'Wilfried Moimbé', 'Johann Ramaré', 'Manuel Perez', 'Bruno Grougi', 'Bryan Pelé', 'Youssef Adnane', 'Gaëtan Courtet', 'Alexandre Cuvillier', 'Birama Touré', 'Cheick Doumbia', 'Stéphane Tritz', 'Alexis Thébaux', 'Bilal Hamdi', 'Abel Khaled', 'Chahir Belghazouani', 'Ismaël Traoré', 'Mamadou Samassa', 'Johan Martial', 'Alexandre Alphonse', 'Gaëtan Laborde', 'William Sea', 'Jason Ranneaud', 'Christopher Missilou', 'Corentin Jacob']",[]
Blackpool,"July 10, 2015",Preston North End,64,62,61,2700000,62,36,64,Organised,59,43,64,39,38,54,Cover,Clarke,O'Hara,O'Hara,O'Hara,O'Hara,O'Hara,"['Joe Lewis', 'Niall Maher', 'Miles Addison', 'Peter Clarke', 'Charles Dunne', 'José Miguel Cubero', 'David Perkins', 'Andrea Orlandi', 'Bright Osavi-Samuel', ""Jamie O'Hara"", 'Gary Madine', 'Henry Cameron', ""Darren O'Dea"", 'David Ferguson', 'Luke Higham', 'Myles Boney', 'Dom Telford', 'Connor Oliver', 'Elliot Parish', 'Nathan Delfouneso', 'Tomasz Cywka', 'Nile Ranger', 'Jeffrey Rentmeister', 'Saër Sène', 'Tom Barkhuizen', 'Tom Aldred', 'Joel Dielna', 'Mark Waddington', 'Daniel Milton']",[]
FC St. Pauli,"July 10, 2015",Hamburger SV,66,66,66,1500000,52,52,56,Organised,62,53,38,39,44,57,Cover,Gonther,Daube,Daube,Halstenberg,Buchtmann,Buchtmann,"['Robin Himmelmann', 'Sebastian Schachten', 'Lasse Sobiech', 'Sören Gonther', 'Marcel Halstenberg', 'Julian Koch', 'Dennis Daube', 'Waldemar SobotaL', 'Daniel Buballa', 'Christopher Buchtmann', 'Lennart Thy', 'John Verhoek', 'Enis Alushi', 'Jan-Philipp Kalla', 'Philipp Ziereis', 'Philipp Tschauner', 'Marc Rzatkowski', 'Armando Cooper', 'Christopher Nöthe', 'Michael Görlitz', 'Bernd Nehrig', 'Florian Kringe', 'Ante Budimir', 'Sebastian Maier', 'Markus Thorandt', 'Tom Trybull', 'Philipp Heerwagen', 'Kyoung Rok Choi']",[]
Real Sporting de Gijón,"July 10, 2015",Real Valladolid Club de Fútbol,63,67,69,1400000,55,48,50,Organised,62,59,38,45,54,41,Cover,Lora,Nacho Cases,Nacho Cases,Nacho Cases,Jony,Carmona,"['Iván Cuéllar', 'Lora', 'Luís Hernández', 'Bernardo', 'Isma López', 'Nacho Cases', 'Sergio Álvarez', 'Carmona', 'Jony', 'Castro', 'Guerrero', 'Rachid Aït-Atmane', 'Mandi', 'Álex Menéndez', 'Jorge Meré', 'Alberto', 'Pablo Pérez', 'Hugo Fraile', 'Juan Muñiz', 'Santi Jara', 'Iván Hernández', 'Daniel Ndi', 'Álex Barrera', 'Álex Serrano', 'Julio', 'Adama Touré', 'Mendi', 'Dennis']",[]
Real Club Recreativo de Huelva,"July 10, 2015",Sevilla Fútbol Club,60,66,63,300000,37,38,43,Organised,30,42,37,40,49,54,Cover,Córcoles,Álvaro Antón,Álvaro Antón,Jesús Vázquez,Álvaro Antón,Álvaro Antón,"['Dani Sotres', 'Córcoles', 'Diego Jiménez', 'Juanan', 'Víctor Díaz', 'Dimas', 'Jesús Vázquez', 'Pedro Ríos', 'Nuñez', 'Álvaro Antón', 'Caye Quintana', 'Montoro', 'Antonio Domínguez', 'Fernando Vega', 'Zamora', 'Rubén Gálvez', 'Braulio', 'Manu Molina', 'Javier Cabrera', 'Rubén Mesa', 'Dani Molina', 'Isaac Nana', 'Salvi Moya', 'Mario', 'Navas', 'Manu Ramírez', 'Blati Touré', 'Juanpa']",[]
ES Troyes AC,"July 10, 2015",Stade de Reims,67,66,64,1500000,49,48,51,Organised,52,49,46,43,42,52,Cover,Ayasse,Darbion,Darbion,Nivet,Darbion,Darbion,"['Denis Petric', 'Jonathan Martins Pereira', 'Thomas Dasquet', 'Mory Koné', 'Lionel Carole', 'Thomas Ayasse', 'Jessy Pi', 'Stéphane Darbion', 'Karim Azamoum', 'Benjamin Nivet', 'Corentin Jean', 'Henri Bienvenu', 'Chaouki Ben Saada', 'Thiago Xavier', 'Salimo Sylla', 'Franck Grandel', 'Christian Bekamenga', 'Stéphen Drouin', 'Rincón', ""Mahamadou N'Diaye"", 'Quentin Othon', 'Yoann Court', 'Matthieu Saunier', 'Guillaume Lacour', 'Jimmy Cabot', 'Matthieu Dreyer', 'Florian Jarjat', 'Deniz Hümmet']",[]
Albacete Balompié,"July 10, 2015",Levante Unión Deportiva,64,63,63,250000,52,50,50,Organised,63,55,50,35,40,56,Cover,Miguel Nuñez,Edu Ramos,Edu Ramos,Rubén Cruz,Edu Ramos,Edu Ramos,"['Diego Rivas', 'Antoñito', 'Gonzalo', 'Miguel Nuñez', 'Paredes', 'Edu Ramos', 'Mario Ortíz', 'Keko', 'Thierry Moutinho', 'Cidoncha', 'Rubén Cruz', 'Portu', 'Diego Benito', 'Pulido', 'Carlos', 'Dorronsoro', 'César Díaz', 'Jorge Díaz', 'Chumbi', 'Samu', 'Juanra', 'Mikel', 'Carrasco', 'Iván Henares', 'Israel', 'Cifuentes', 'Candelas', 'Alberto Domínguez']",[]
Fútbol Club Barcelona “B”,"July 10, 2015",CE Sabadell FC,67,66,64,1100000,55,38,35,Free Form,46,40,59,52,49,65,Cover,Sergi Juste,Grimaldo,Grimaldo, Tsafack,Halilović,Halilović,"['José Suarez', 'Patric', 'Sergi Juste', 'Edgar Ié', 'Grimaldo', 'Sergi Samper', 'Alen Halilović', 'Gerard', 'Adama', 'Jean-Marie Dongou Tsafack', 'Sandro', 'Cámara', 'David Babunski', 'Frank Bagnack', 'Diawandou Diagne', 'Fabrice Ondoa', 'Joan Román', 'BichoL', 'Lucas Gafarot', 'Robert Costa', 'Pol Calvet', 'Sergi Palencia', 'Maximiliano Rolón', 'Campins', 'Wilfrid Jaures Kaptoum', 'Quinti', 'Moha', 'Adrián Ortolá']",['Denis Suarez']
Real Club Deportivo Mallorca,"July 10, 2015",Villarreal Club de Fútbol,67,70,66,1500000,62,53,57,Organised,53,57,53,59,41,56,Cover,João Victor,Marco Asensio,Marco Asensio,Xisco,Marco Asensio,Marco Asensio,"['Rubén Miño', 'Pau Cendrós', 'Bigas', 'João Victor', 'Saborit', 'Ros', 'Héctor Yuste', 'Marco Asensio', 'Albert Riera', 'Joselu', 'Xisco', 'Michael Pereira', 'Bustos', 'Kasim Adams', 'Nikola Gulan', 'Cabrero', 'Arana', 'Fofo', 'Agus', 'Truyols', 'Brandon Thomas', 'Filip Marković', 'Biel Company', 'Gai Assulin', 'Álex Vallejo', 'Gabri Izquier', 'Cedric', 'Royo']",[]
Perugia,"July 10, 2015",Terni,65,63,65,1200000,63,56,38,Organised,37,67,49,58,43,49,Cover,Giacomazzi,Fossati,Fossati,Ardemagni,Fossati,Fossati,"['Jan Koprivec', 'Edoardo Goldaniga', 'Guillermo Giacomazzi', 'Andrea Mantovani', 'Matti Lund Nielsen', 'Gianluca Nicco', 'Marco Davide Faraoni', 'Alessandro Crescenzi', 'Marco Fossati', 'Matteo Ardemagni', 'Fabinho', 'Giuseppe Rizzo', 'Gianluca Comotto', 'Ahmed Hegazy', 'Vinícius', 'Marco Amelia', 'Davide Lanzafame', 'Kevin MéndezL', 'Taddei', 'Diego Falcinelli', 'Nicolò Fazzi', 'Matteo Lignani', 'Valerio Verre', 'Nicolò Pozzebon', 'Lorenzo Musto', 'Ivan Provedel', 'Vittorio Parigini', 'Pierre Desire Zebli']",[]
FC Sochaux-Montbéliard,"July 10, 2015",AS Nancy Lorraine,70,64,63,2500000,63,62,39,Organised,63,64,49,54,43,49,Cover,Cacérès,Cacérès,Cacérès,Cacérès,Gibaud,Cacérès,"['Papa Demba Camara', 'Julien Faussurier', 'Pierre Gibaud', 'Jérôme Junior Onguéné', 'Nicolas Senzemba', 'Florian Tardieu', 'Marco Ilaimaharitra', 'Moussa Sao', 'Romain Habran', 'Raphaël Cacérès', 'Karl Toko-Ekambi', 'Edouard Butin', 'Marcus Thuram', 'Sofiane Daham', 'Jean-Pascal Mignot', 'Yohann Pelé', 'Joseph Lopy', 'Thomas Guerbert', 'Houssine Kharja', 'Florin Bérenguer', 'Jérôme Roussillon', 'Matheus Vivian', 'Lionel Zouma', 'Guillaume Cros', 'Bruno Collaço', 'Mickaël Malsa', 'Haykeul Chikhaoui', 'Mamadou Diallo']",[]
Club Deportivo Lugo,"July 10, 2015",Real Club Deportivo de La Coruña,67,66,66,325000,62,35,38,Organised,35,40,33,51,54,67,Cover,Manu,Toni,Pita,Manu,Toni,Toni,"['José Juan', 'Seoane', 'Israel Puerto', 'Lolo Pavón', 'Manu', 'Pita', 'Seoane', 'Iriome', 'Toni', 'Álvaro Peña', 'Pablo Nicolás Caballero', 'David López', 'Iago Díaz', 'Borja Gómez', 'De Coz', 'Dani Mallo', 'Luis Fernández', 'David Ferreiro', 'Pelayo', 'Lolo Plá', 'Víctor Marco', 'Aganzo', 'Jonathan Valle', 'Dalmau', 'Ernesto', 'Julio Camba', 'Pedrosa', 'Manu Cedrón']",[]
VfL Bochum 1848,"July 10, 2015",Fortuna Düsseldorf,67,67,68,1000000,69,38,57,Organised,66,40,66,58,47,67,Cover,Fabian,Gregoritsch,Eisfeld,Terodde,Eisfeld,Eisfeld,"['Michael Esser', 'Stefano Celozzi', 'Patrick Fabian', 'Felix Bastians', 'Timo Perthel', 'Anthony Losilla', 'Danny Latza', 'Marco Terrazzino', 'Michael Gregoritsch', 'Thomas Eisfeld', 'Simon Terodde', 'Tobias Weis', 'Yusuke Tasaka', 'Onur Bulut', 'Malcolm CacutaluaL', 'Andreas Luthe', 'Mikael Forssell', 'Henrik Gulden', 'Michael Maria', 'Jan Šimůnek', 'Jan Gyamerah', 'Selim Gündüz', 'Adnan Zahirović', 'Fabian Holthaus', 'Piotr Ćwielong', 'Marius Weeke', 'Nicolas Abdat', 'Julian Stock']",[]
Bologna,"July 10, 2015",ACF Fiorentina,70,67,67,3000000,63,53,48,Organised,32,48,52,30,54,48,Cover,Matuzalém,Sansone,Sansone,Sansone,Sansone,Sansone,"['Da Costa', 'Ibrahima Mbaye', 'Marios Oikonomou', 'Domenico Maietta', 'Adam Masina', 'Federico Casarini', 'Matuzalém', 'Karim Laribi', 'Nenad Krstičić', 'Gianluca Sansone', 'Matteo Mancosu', 'Robert Acquafresca', 'Franco Zuculini', 'Luca Ceccarelli', 'Alex Ferrari', 'Ferdinando Coppola', 'György Garics', 'Daniele Gastaldello', 'Diego Pérez', 'Riccardo Improta', 'Daniel Bessa', 'Archimede Morleo', 'Gennaro Troianiello', 'Uros Radakovic', 'Daniele Cacia', 'Marcel Büchel', 'Nicoló Scalini', 'Mathias Abero']",['Nicolò Cherubin']
Modena,"July 10, 2015",Sassuolo,67,62,65,1000000,51,59,37,Organised,53,59,47,36,59,57,Cover,Gozzi,Schiavone,Schiavone,Granoche,Schiavone,Schiavone,"['Carlo Pinsoglio', 'Luca Calapai', 'Simone Gozzi', 'Thiago Cionek', 'Matteo Rubin', 'Andrea Schiavone', 'Alessandro Martinelli', 'Luca Garritano', 'Francesco Signori', 'Francesco Fedato', 'Pablo Granoche', 'Stefano Beltrame', 'Davide Marsura', 'Amidu Salifu', 'Luca Nizzetto', 'Niccolò Manfredini', 'Davide Zoboli', 'Lino Marzorati', 'Gianni Manfrin', 'Nicola Ferrari', 'Boadu Maxwell Acosty', 'Adama Guidiala', 'Emmanuel Besea', 'Fabio Sakaj']",[]
Trapani,"July 10, 2015",Palermo,63,62,63,200000,69,70,58,Organised,63,62,55,29,58,54,Cover,Pagliarulo,Falco,Scozzarella,Falco,Falco,Falco,"['Lys Gomis', 'Romano Perticone', 'Luca Pagliarulo', 'Mattia Caldara', 'Simone Rizzato', 'Matteo Scozzarella', 'Maurizio Ciaramitaro', 'Antonino Barillà', 'Filippo Falco', 'Enis Nadarevic', 'Davis Curiale', 'Cristiano Lombardi', 'Andrea Feola', 'Mattia Aramu', 'Daniele Martinelli', 'Richard Marcone', 'Simone Basso', 'Christian Terlizzi', 'Cephas Malele', 'Giovanni Abate', 'Pavel Vidanov', 'Enrico Zampa', 'Antonino Daí', 'Francesco Lo Bue', 'Nicola Citro', 'Salvatore Aloi']",[]
Gazélec Football Club Ajaccio,"July 10, 2015",AC Ajaccio,64,61,62,400000,48,53,52,Organised,55,53,55,42,46,53,Cover,Filippi,Poggi,Poggi,Pujol,Poggi,Poggi,"['Clément Maury', 'Louis Poggi', 'Rodéric Filippi', 'Matar Fall', 'Pablo Martinez', 'David Ducourtioux', 'Julien François', 'Amos Youga', 'Kévin Mayi', 'Khalid Boutaïb', 'Grégory Pujol', ""Ali M'Madi"", 'Florian Fabre', 'Rafik Boujedra', 'Pierre-François Sinapi', 'Jules Goda', 'Mohamed Larbi', 'Yoann Andreu', 'Jérémie Bréchet', 'Cyriaque Rivieyran', 'John Tshibumbu', 'Lucas Libbra']",[]
Blackburn Rovers,"July 10, 2015",Burnley,72,66,66,6000000,60,60,65,Organised,59,58,42,50,50,57,Cover,Hanley,Conway,Conway,Rhodes,Conway,Conway,"['Jason Steele', 'Adam Henley', 'Grant Hanley', 'Matthew Kilgallon', 'Marcus Olsson', 'Lee Williamson', 'Corry Evans', 'Craig Conway', 'David Dunn', 'Jordan Rhodes', 'Rudy Gestede', 'Ben Marshall', 'Tom Cairney', ""John O'Sullivan"", 'Tommy Spurr', 'Simon Eastwood', 'Chris Brown', 'Joshua King', 'Paul Robinson', 'Jay Spearing', 'Darragh Lenihan', 'Jason Lowe', 'Alex Baptiste', 'Shane Duffy', 'Chris Taylor', 'David Raya', 'Paul Taylor', ""Yann Songo'o"", 'Connor Mahoney', 'Devarn Green']",[]
Club Deportivo Mirandés,"July 10, 2015",Club Deportivo Numancia de Soria,65,64,64,160000,64,52,67,Organised,56,69,53,37,44,42,Cover,César Caneda,Igor Martínez,Rúper,Rúper,Fran Carnicer,Fran Carnicer,"['Razak Brimah', 'Aitor', 'César Caneda', 'Alex Ortiz', 'Kijera', 'Rúper', 'Igor Martínez', 'Pedro Martín', 'Fran Carnicer', 'Álex García', 'Urko Vera', 'Jordi Pablo', 'Emilio Sanchez', 'Álvaro Corral', 'Javi Cantero', 'Imanol Elías', 'Juanjo', 'Josu Hernáez', 'Espín', 'Provencio', 'Borja Docal', 'Barahona', 'Álex Román', 'Andrés del Olmo', 'Jon Vega', 'Sergio Pérez']",[]
Real Valladolid Club de Fútbol,"July 10, 2015",Real Sporting de Gijón,73,71,71,3000000,43,40,65,Organised,39,51,57,47,40,47,Cover,Álvaro Rubio,Óscar,Óscar,Óscar Díaz,Óscar,Óscar,"['Javi Varas', 'Chica', 'Jesús Rueda', 'Marc Valiente', 'Peña', 'Álvaro Rubio', 'André Leão', 'Omar Ramos', 'Óscar Díaz', 'Óscar', 'Jonathan Pereira', 'Jeffrén', 'Sastre', 'Johan Mojica', 'Samuel', 'Raúl Fernández', 'Túlio de Melo', 'Hernán Pérez', 'Roger', 'Timor', 'Alfaro', 'Chus Herrero', 'Guille Andrés', 'Xavi Carmona', 'Brian', 'Jorge Hernández', 'Casado', 'Julio']",[]
Leeds United,"July 10, 2015",Huddersfield Town,68,67,67,3500000,61,33,53,Organised,43,45,61,36,48,60,Cover,Cooper,Mowatt,Murphy,Mowatt,Murphy,Mowatt,"['Stuart Taylor', 'Scott Wootton', 'Souleymane Bamba', 'Liam Cooper', 'Gaetano Berardi', 'Sam Byram', 'Luke Murphy', 'Rodolph Austin', 'Charlie Taylor', 'Alex Mowatt', 'Steve Morison', ""Granddi N'Goyi"", 'Casper Sloth', 'Aidan White', 'Kalvin Phillips', 'Alex Cairns', 'Billy Sharp', 'Brian Montenegro', 'Marco Silvestri', 'Mirco Antenucci', 'Giuseppe Bellusci', 'Adryan', 'Tommaso Bianchi', 'Souleymane Doukara', 'Lewis Cook', 'Dario Del Fabro', 'Žan Benedičič', 'Chris Dawson', 'Edgar Çani', 'Lewis Walters']",[]
Clermont Foot Auvergne 63,"July 10, 2015",AS Saint-Etienne,64,62,61,700000,53,49,58,Organised,47,69,62,46,49,37,Cover,Moulin,Capelle,Ekobo,Dugimont,Capelle,Capelle,"['Mehdi Jeannin', 'Brandon Agounon', 'Cédric Avinel', 'Baptiste Martin', 'Cédric Bockhorni', 'Eugène Ekobo', 'Thibault Moulin', 'Rémy Dugimont', 'Pierrick Capelle', 'Adrien Hunou', 'Famara Diedhiou', 'Cédric Goncalves', 'Kévin Diogo', 'Jacques Salze', 'Adrien Pagerie', 'Jérôme Scolan', 'Mehddy Latrèche', 'Hugo Konongo', 'Idriss Saadi', 'Souleymane Sawadogo', 'Anthony Lippini', 'Grégory Bettiol', 'Yohan Betsch', ""Franck L'Hostis"", 'Michaël Jordan Nkololo', 'Jonathan Rivas', 'Julien Laporte', 'Junior Messi Enguene']",[]
Eintracht Braunschweig,"July 10, 2015",Hannover 96,68,66,67,1200000,66,44,54,Free Form,62,59,51,57,47,53,Cover,Boland,Omladič,Decarli,Hochscheidt,Hochscheidt,Omladič,"['Rafał Gikiewicz', 'Benjamin Kessel', 'Saulo Decarli', 'Marcel Correia', 'Vegar Eggen Hedenstad', 'Norman Theuerkauf', 'Mirko Boland', 'Nik Omladič', 'Hendrick Zuck', 'Jan Hochscheidt', 'Håvard Nielsen', 'Marc Pfitzner', 'Damir Vrančić', 'Raffael Korte', 'Deniz Dogan', 'Marjan Petkovic', 'Emil Berggren', 'Ryu Seung Woo', 'Julius Düker', 'Mohammad Baghdadi', 'Dennis Slamar', 'Torsten Oehrl', 'Ken Reichel', 'Salim Khelifi', 'Matthias Henn', 'Jan Washausen', 'Gerrit Holtmann', 'Maximilian Sauer']",[]
Stade Lavallois Mayenne FC,"July 10, 2015",Angers SCO,62,57,63,750000,57,50,49,Organised,51,33,48,36,35,49,Cover,Gonçalves,Gonçalves,Gonçalves,Gonçalves,Gonçalves,Gonçalves,"['Maxime Hautbois', 'Fouad Chafik', 'Djibril Konaté', 'Selim Ben Djemia', 'Pierre-Yves Polomat', 'Anthony Gonçalves', 'Adrien Monfray', 'Hugo Boumous', 'Antony Robic', 'Sehrou Guirassy', 'César Zeoula', 'Duckens Nazon', 'Gabriel Etinof', 'Malik Couturier', 'Nordi Mukiele', 'Guillaume Lesec', 'Mamadou Diallo', 'Valentin Launay', 'Hassane Alla', 'Lionel Cappone', 'Wesley Saïd', 'Maxime Bourgeois', 'Sébastien Renouard', 'Kévin Perrot', 'Ludovic Guerriero', 'Martin Mimoun', 'Modibo Dembélé']",[]
Tours FC,"July 10, 2015",Angers SCO,64,63,63,900000,49,52,52,Organised,33,48,51,46,47,48,Cover,Bergougnoux,Bergougnoux,Bergougnoux,Bergougnoux,Ketkeophomphone,Bergougnoux,"['Bingourou Kamara', 'Jonathan Gradit', 'Léo Schwechlen', 'Bogdan Milošević', 'Samuel Bouhours', 'Billy Ketkeophomphone', 'Haris Belkebla', 'Baptiste Santamaria', 'Bryan Bergougnoux', 'Ibrahima Tandia', 'Jonathan Nanizayamo', 'Chris Vianney Bedia', 'Kévin Diaz', 'Xavier Chavalerin', 'Florian Miguel', 'Benjamin Bertrand', 'Bailly Damahou', 'Ibrahim Cissé', 'Andy Delort', 'Christian Kouakou', 'Pascal Berenguer', 'Fousseni Diawara', 'Alassane Touré', 'Lenda Vumbi Bundu', 'Saîf-Eddine Khaoui', 'Thibault Cillard', 'Esteban Salles', 'Lorry Mengual']",[]
Unió Esportiva Llagostera,"July 10, 2015",Girona Fútbol Club,62,62,61,150000,50,30,50,Organised,50,62,50,38,45,50,Cover,Pitu,Pitu,Pitu,Pitu,Pitu,Pitu,"['René', 'Masó', 'Jorge', 'Alcalá', 'De Los Reyes', 'Tito', 'Pitu', 'Alberto Perea', 'Ríos', 'Sergio León', 'Eloy Gila', 'Jordi López', 'Querol', 'Aimar', 'Barnils', 'Nicolás Ratti', 'Arturo', 'Juanjo Expósito', 'Enric Pi', 'Diego Rivas', 'Jesús Imaz', 'Tarradellas', 'Vallho', 'Ruymán', 'Pol Mitjà', 'Èric Gómez', 'Moragón', 'Adrià Muñoz']",[]
Karlsruher SC,"July 10, 2015",1. FC Kaiserslautern,68,66,65,800000,54,52,47,Organised,53,44,49,34,46,39,Cover,Orlishausen,Valentini,Valentini,Hennings,Max,Valentini,"['Dirk Orlishausen', 'Enrico Valentini', 'Daniel Gordon', 'Manuel Gulde', 'Philipp Max', 'Reinhold Yabo', 'Jonas Meffert', 'Manuel Torres', 'Hiroki Yamada', 'Dimitrij Nazarov', 'Rouwen Hennings', 'Dominic Peitz', 'Jan Mauersberger', 'Sascha Traut', 'Dennis Kempe', 'René Vollath', 'Ilijan Micanski', 'Gaëtan Krebs', 'Jung Bin Park', 'Ylli Sallahi', 'Martin Stoll', 'Tim Grupp', 'Philipp Klingmann', 'Silvano Varnhagen', 'Boubacar Barry', 'Florian Stritzel', 'Jannik Dehm', 'Marvin Mehlem']",[]
Derby County,"July 10, 2015",Nottingham Forest,72,70,68,3200000,58,38,45,Organised,47,43,43,41,52,57,Cover,Keogh,Ince,Hendrick,Bent,Hendrick,Ince,"['Lee Grant', 'Ryan Shotton', 'Richard Keogh', 'Albentosa', 'Craig Forsyth', 'Omar Mascarell', 'Jeff Hendrick', 'Will Hughes', 'Thomas Ince', 'Darren Bent', 'Johnny Russell', 'Craig Bryson', 'Jesse Lingard', 'Stephen Warnock', 'Cyrus Christie', 'Kelle Roos', 'Chris Martin', 'Conor Sammon', 'George Thorne', 'Farrend Rawson', 'Jamie Ward', 'Simon Dawkins', 'Jake Buxton', 'Shaun Barker', 'Zak Whitbread', 'John Eustace', 'Isak Ssewankambo', 'Jamie Hanson', 'Mason Bennett', 'Alban Bunjaku']",[]
